22:24:21,71.9,105.4,moving_up,22
22:24:26,152.1,162.4,top,22
22:24:26,142.4,158,moving_down,22
22:24:28,155.3,163.2,top,22
22:24:29,146.5,143.6,moving_down,23
22:24:29,153.9,164.7,top,23
22:24:30,120.8,145.1,moving_down,24
22:24:31,58.7,77.4,bottom,24
22:24:31,65.2,85.3,moving_up,25
22:24:31,156.1,172.2,top,25
22:24:32,101.9,132.1,moving_down,25
22:24:33,151.4,171.5,top,25
22:24:34,113.8,134.1,moving_down,26
22:24:35,53.3,66.4,bottom,26
22:24:38,133.5,91.4,moving_up,27
22:24:45,56.9,70.3,bottom,27
22:24:49,80.3,80.8,moving_up,28
22:24:50,55.6,55.7,bottom,28
22:24:52,77.2,90.6,moving_up,29
22:24:53,55.7,73.2,bottom,29
22:24:54,70.3,84.1,moving_up,30
22:24:55,50.7,64.5,bottom,30
22:24:56,77,84.7,moving_up,31
22:24:57,55.8,58.2,bottom,31
22:24:58,93.2,95.1,moving_up,32
22:24:58,59.5,55.7,bottom,32
22:24:59,92.8,91.3,moving_up,33
22:25:00,56.8,53.7,bottom,33
22:25:00,85,86.9,moving_up,34
22:25:01,52,50.7,bottom,34
22:25:02,83.6,85.2,moving_up,35
22:25:02,49.9,46.7,bottom,35
22:25:02,79.9,85.1,moving_up,36
22:25:03,51.3,51.8,bottom,36
22:25:03,81.2,83.2,moving_up,37
22:25:04,57.6,58.4,bottom,37
22:25:04,80.7,81.8,moving_up,38
22:25:04,49.7,43.9,bottom,38
22:25:06,74.5,80.3,moving_up,39
22:25:06,48.6,49.9,bottom,39
22:25:10,106.7,117.8,moving_up,40
22:25:10,154.2,160.2,top,40
22:25:11,135.9,155.9,moving_down,40
22:25:12,156,171.7,top,40
22:25:13,123.3,141.3,moving_down,41
22:25:13,151.3,163.7,top,41
22:25:14,148.3,158.8,moving_down,42
22:25:14,157.2,174,top,42
22:25:15,108.8,128.7,moving_down,43
22:25:15,151.3,165.6,top,43
22:25:16,143.5,157.2,moving_down,44
22:25:17,157.8,162.5,top,44
22:25:17,149.2,137.4,moving_down,45
22:25:18,150.9,168.7,top,45
22:25:18,142.3,119.8,moving_down,46
22:25:25,152.6,170.5,top,46
22:25:28,109.4,136.4,moving_down,47
22:25:29,151.1,172.1,top,47
22:25:29,91.9,119.2,moving_down,48
22:35:54,0,0,start,1
22:44:50,138.9,6.4,moving_up,1
22:44:51,43.5,63.9,invalid,1
22:47:34,137.4,34.4,invalid,1
22:47:39,175.0,9.9,bottom,1
22:47:42,150.4,10.3,moving_up,1
22:47:42,18.9,13.2,top,1
22:47:43,22.8,13.8,moving_down,1
22:47:44,168.2,10.6,bottom,1
22:47:45,148.4,8.0,moving_up,2
22:47:45,17.4,11.1,top,2
22:47:46,21.7,13.5,moving_down,2
22:47:46,163.3,10.9,bottom,2
22:47:47,156.9,21.6,moving_up,3
22:47:47,150.9,44.2,invalid,3
22:47:58,37.9,20.8,moving_up,3
22:47:58,175.5,11.4,bottom,3
22:48:00,157.0,34.8,invalid,4
22:48:04,87.7,18.2,moving_up,4
22:48:04,166.2,10.7,bottom,4
22:48:05,157.1,34.9,invalid,5
22:48:11,151.8,26.2,moving_up,5
22:48:12,170.7,11.2,bottom,5
22:48:13,14.9,11.4,invalid,6
22:48:13,13.6,12.8,top,6
22:48:13,43.0,12.9,moving_down,6
22:48:14,176.9,12.4,bottom,6
22:48:15,52.3,10.5,moving_up,7
22:48:15,10.5,11.5,top,7
22:48:15,178.6,12.0,invalid,7
22:48:15,178.4,11.3,bottom,7
22:48:16,12.2,12.2,invalid,7
22:48:16,11.1,14.0,top,7
22:48:17,169.1,11.4,invalid,7
22:48:17,175.5,10.3,bottom,7
22:48:18,44.2,9.6,moving_up,7
22:48:18,15.4,10.4,top,7
22:48:20,34.7,13.5,moving_down,7
22:48:20,161.3,10.8,bottom,7
22:48:21,54.5,10.2,moving_up,8
22:48:21,17.7,11.1,top,8
22:48:22,131.0,12.7,moving_down,8
22:48:22,174.6,11.6,bottom,8
22:48:23,102.2,10.3,moving_up,9
22:48:24,14.0,10.7,top,9
22:48:25,142.2,12.0,moving_down,9
22:48:25,172.8,11.0,bottom,9
22:48:26,88.9,10.1,moving_up,10
22:48:26,13.6,10.6,top,10
22:48:27,167.8,9.9,invalid,10
22:48:28,175.2,9.3,bottom,10
22:48:28,31.0,10.1,moving_up,10
22:48:29,11.5,10.5,top,10
22:48:30,21.6,11.1,moving_down,10
22:48:31,166.7,9.5,bottom,10
22:48:32,140.4,10.1,moving_up,11
22:48:32,18.3,10.9,top,11
22:48:34,60.0,12.2,moving_down,11
22:48:34,165.4,11.7,bottom,11
22:48:36,132.1,10.7,moving_up,12
22:48:36,16.5,11.5,top,12
22:48:38,26.5,16.0,moving_down,12
22:48:38,164.9,13.6,bottom,12
22:48:39,147.3,12.1,moving_up,13
22:48:40,16.6,13.7,top,13
22:48:41,48.9,13.2,moving_down,13
22:48:42,164.9,10.9,bottom,13
22:48:43,148.1,9.6,moving_up,14
22:48:43,17.6,10.7,top,14
22:48:44,20.7,12.6,moving_down,14
22:48:45,163.8,10.8,bottom,14
22:48:46,154.2,9.7,moving_up,15
22:48:46,19.7,10.5,top,15
22:48:48,50.5,12.3,moving_down,15
22:48:48,167.5,10.6,bottom,15
22:48:49,140.7,8.7,moving_up,16
22:48:49,15.9,9.9,top,16
22:48:51,38.9,12.1,moving_down,16
22:48:51,161.4,10.3,bottom,16
22:48:52,92.3,9.2,moving_up,17
22:48:52,15.3,11.6,top,17
22:48:53,20.1,13.0,moving_down,17
22:48:54,164.9,9.9,bottom,17
22:48:57,135.6,37.4,invalid,18
22:48:58,179.1,23.9,bottom,18
22:49:00,126.4,38.9,invalid,18
22:49:01,51.2,27.5,moving_up,18
22:49:01,10.4,13.4,top,18
22:49:02,28.0,22.9,moving_down,18
22:49:03,48.1,48.7,invalid,18
22:49:04,172.1,23.8,bottom,18
22:49:05,102.9,11.4,moving_up,18
22:49:05,20.0,14.0,top,18
22:49:07,29.4,13.0,moving_down,18
22:49:07,16.9,12.9,top,18
22:49:08,25.2,13.2,moving_down,19
22:49:09,17.6,12.5,top,19
22:49:09,27.0,12.8,moving_down,20
22:49:10,16.7,13.6,top,20
22:49:11,24.4,38.6,invalid,21
22:49:16,19.1,18.4,top,21
22:49:17,170.0,12.5,invalid,21
22:49:18,176.2,13.5,bottom,21
22:49:18,178.6,52.4,invalid,21
22:49:21,163.2,19.7,bottom,21
22:49:22,12.5,15.2,invalid,21
22:49:23,19.5,14.8,top,21
22:49:23,98.9,8.7,moving_down,21
22:49:24,127.3,159.2,invalid,21
23:15:51,132.2,166.0,invalid,1
23:15:52,169.2,20.9,bottom,1
23:15:57,153.6,9.7,moving_up,1
23:16:00,17.1,12.0,top,1
23:16:02,21.4,12.7,moving_down,1
23:16:04,18.6,11.8,top,1
23:16:06,20.5,12.5,moving_down,2
23:16:07,19.7,12.7,top,2
23:16:08,73.5,12.9,moving_down,3
23:16:08,163.3,12.5,bottom,3
23:16:09,105.9,12.2,moving_up,4
23:16:09,15.7,14.0,top,4
23:16:10,13.1,38.3,invalid,4
23:16:13,16.2,24.9,top,4
23:16:15,19.2,41.7,invalid,4
23:16:18,91.5,29.2,moving_up,4
23:16:22,165.4,11.7,bottom,4
23:16:25,152.4,28.5,moving_up,5
23:16:25,134.1,44.5,invalid,5
23:16:29,61.0,26.5,moving_up,5
23:16:32,138.0,34.1,invalid,5
23:16:34,70.9,27.1,moving_up,5
23:16:35,156.7,37.2,invalid,5
23:16:36,51.8,26.6,moving_up,5
23:16:38,172.7,36.6,invalid,5
23:16:38,102.2,22.4,moving_up,5
23:16:40,171.2,31.6,invalid,5
23:16:41,75.5,26.2,moving_up,5
23:16:41,17.6,15.2,top,5
23:16:42,12.9,46.7,invalid,5
23:16:44,20.3,22.0,moving_up,5
23:16:45,165.2,10.9,bottom,5
23:16:47,121.8,9.5,moving_up,6
23:16:48,170.5,35.7,invalid,6
23:16:49,56.9,27.5,moving_up,6
23:16:50,15.4,12.0,top,6
23:16:51,20.3,9.6,moving_down,6
23:16:53,167.5,9.8,bottom,6
23:16:53,93.5,10.9,moving_up,7
23:16:54,18.4,13.6,top,7
23:16:55,31.1,13.8,moving_down,7
23:16:55,163.9,10.0,bottom,7
23:16:56,114.7,12.9,moving_up,8
23:16:57,18.1,12.6,top,8
23:16:58,22.7,12.4,moving_down,8
23:16:58,166.9,8.8,bottom,8
23:16:59,138.9,7.7,moving_up,9
23:17:00,17.9,11.2,top,9
23:17:01,13.6,45.2,invalid,9
23:17:02,18.5,21.4,top,9
23:17:03,23.4,14.8,moving_down,9
23:17:04,164.2,10.1,bottom,9
23:17:05,146.1,8.5,moving_up,10
23:17:06,178.1,43.2,invalid,10
23:17:07,57.9,24.9,moving_up,10
23:17:08,16.9,22.4,top,10
23:17:09,14.9,30.9,invalid,10
23:17:10,16.8,18.6,top,10
23:17:12,24.2,13.9,moving_down,10
23:17:13,122.0,34.3,invalid,10
23:17:13,71.2,26.9,moving_up,10
23:17:15,165.3,10.1,bottom,10
23:17:18,143.2,9.1,moving_up,11
23:17:19,16.5,13.1,top,11
23:17:20,17.6,46.2,invalid,11
23:17:21,15.4,27.1,top,11
23:17:21,22.0,13.3,moving_down,11
23:17:22,165.1,37.5,invalid,11
23:17:23,79.7,25.8,moving_up,11
23:17:24,178.1,42.0,invalid,11
23:17:25,67.1,15.9,moving_up,11
23:17:25,138.1,43.7,invalid,11
23:17:26,66.0,12.0,moving_up,11
23:17:27,166.3,9.2,bottom,11
23:17:31,49.5,15.0,moving_up,12
23:17:32,18.6,21.0,top,12
23:17:34,9.6,42.7,invalid,12
23:17:34,20.5,19.1,moving_up,12
23:17:35,166.8,9.9,bottom,12
23:17:37,158.8,8.9,moving_up,13
23:17:38,114.6,50.7,invalid,13
23:17:39,64.4,16.6,moving_up,13
23:17:39,167.0,8.8,bottom,13
23:17:40,159.5,9.6,moving_up,14
23:17:40,16.6,14.3,top,14
23:17:41,66.6,13.7,moving_down,14
23:17:41,169.1,12.6,bottom,14
23:17:45,148.7,5.0,moving_up,15
23:17:46,170.8,125.8,invalid,15
23:18:42,179.9,20.2,invalid,1
23:18:43,177.3,164.7,top,1
23:18:44,169.7,26.0,invalid,1
23:18:48,37.5,30.2,bottom,1
23:18:53,67.2,85.1,moving_up,1
23:18:54,155.7,170.1,top,1
23:18:55,149.4,165.9,invalid,1
23:18:56,173.0,174.8,top,1
23:18:56,118.9,136.3,moving_down,1
23:18:56,165.1,179.7,top,1
23:18:56,88.7,112.4,moving_down,2
23:18:58,61.6,77.6,invalid,2
23:18:58,39.7,52.1,bottom,2
23:18:59,73.1,89.6,moving_up,2
23:19:00,153.2,166.1,top,2
23:19:01,129.7,139.6,moving_down,2
23:19:02,69.1,35.1,invalid,2
23:19:02,51.2,66.8,bottom,2
23:19:04,75.9,94.3,moving_up,2
23:19:05,149.5,163.7,invalid,2
23:19:05,163.2,174.2,top,2
23:19:06,128.0,143.8,moving_down,2
23:19:06,55.8,79.9,bottom,2
23:19:08,68.5,86.1,moving_up,3
23:19:08,152.7,167.9,top,3
23:19:09,135.5,151.1,moving_down,3
23:19:10,40.9,55.6,bottom,3
23:19:12,86.4,106.6,moving_up,4
23:19:12,158.1,171.9,top,4
23:19:13,137.6,153.9,moving_down,4
23:19:13,30.3,48.3,bottom,4
23:19:15,58.3,80.2,invalid,5
23:19:15,56.3,76.3,bottom,5
23:19:17,65.1,76.2,invalid,5
23:19:17,79.6,95.0,moving_up,5
23:19:19,59.1,75.6,bottom,5
23:19:20,60.4,67.3,invalid,6
23:19:22,56.4,73.4,bottom,6
23:19:25,75.6,98.3,moving_up,6
23:19:26,148.9,160.8,invalid,6
23:19:26,150.2,162.5,top,6
23:19:26,130.9,145.1,moving_down,6
23:19:27,49.4,78.4,bottom,6
23:19:28,80.5,114.1,moving_up,7
23:19:29,146.7,163.3,invalid,7
23:19:29,154.5,169.6,top,7
23:19:29,145.9,161.5,invalid,7
23:19:29,139.4,150.3,moving_up,7
23:19:30,60.4,78.7,invalid,7
23:19:30,29.4,43.6,bottom,7
23:19:32,85.4,106.5,moving_up,7
23:19:32,155.5,168.8,top,7
23:19:33,139.9,155.3,moving_down,7
23:19:34,49.3,66.5,bottom,7
23:19:35,56.7,80.3,invalid,8
23:19:36,87.4,113.1,moving_up,8
23:19:36,152.9,167.5,top,8
23:19:37,138.6,153.4,moving_down,8
23:19:38,54.7,72.1,bottom,8
23:19:39,72.8,94.4,moving_up,9
23:19:40,154.7,169.1,top,9
23:19:40,146.1,159.5,moving_down,9
23:19:41,59.0,81.1,invalid,9
23:19:41,44.5,62.3,bottom,9
23:19:44,78.1,95.7,moving_up,9
23:19:45,149.8,167.7,invalid,9
23:19:45,155.5,173.1,top,9
23:19:46,146.5,159.0,moving_down,9
23:19:46,147.5,172.2,invalid,9
23:19:46,108.8,129.0,moving_up,9
23:19:47,154.7,153.5,invalid,9
23:19:47,56.2,77.6,bottom,9
23:19:51,62.2,56.2,invalid,9
23:19:52,58.3,65.4,bottom,9
23:19:54,62.3,65.9,invalid,9
23:19:55,145.3,80.7,moving_up,9
23:19:55,158.6,88.3,invalid,9
23:19:56,151.2,162.2,top,9
23:19:57,147.1,166.0,invalid,9
23:19:57,152.8,162.6,top,9
23:19:57,166.9,157.6,invalid,9
23:19:58,153.9,163.5,top,9
23:20:00,162.3,153.9,invalid,9
23:20:01,147.3,125.3,moving_up,9
23:20:02,153.7,74.9,invalid,9
23:20:04,144.8,81.6,moving_up,9
23:20:07,104.3,78.0,invalid,9
23:20:07,55.1,68.6,bottom,9
23:20:10,63.0,68.3,invalid,9
23:20:11,112.0,80.6,moving_up,9
23:20:12,108.1,74.6,invalid,9
23:20:17,0.2,13.9,bottom,9
23:20:18,71.8,77.6,invalid,9
23:20:18,91.4,86.7,moving_up,9
23:20:21,63.8,67.2,invalid,9
23:20:21,50.3,41.1,bottom,9
23:20:21,145.3,14.1,invalid,9
23:20:22,45.4,25.6,bottom,9
23:20:24,85.4,95.0,moving_up,9
23:20:25,58.7,110.9,invalid,9
23:20:26,31.0,73.6,bottom,9
23:20:26,160.5,12.7,invalid,9
23:20:32,51.2,37.1,bottom,9
23:20:33,61.2,78.0,invalid,9
23:20:33,74.3,95.1,moving_up,9
23:20:34,150.1,163.2,top,9
23:20:34,145.3,161.2,invalid,9
23:20:35,110.9,135.6,moving_up,9
23:20:35,28.6,68.5,bottom,9
23:20:37,52.2,80.6,invalid,10
23:20:37,64.1,93.0,moving_up,10
23:20:40,63.9,77.4,invalid,10
23:20:40,58.6,72.9,bottom,10
23:20:42,60.5,80.2,moving_up,10
23:20:45,147.1,164.3,invalid,10
23:20:45,151.4,167.1,top,10
23:20:46,141.3,155.3,moving_down,10
23:20:47,60.0,79.2,bottom,10
23:20:48,63.5,84.9,moving_up,11
23:20:49,140.8,160.5,invalid,11
23:20:49,152.2,169.1,top,11
23:20:50,140.6,155.5,moving_down,11
23:20:51,55.5,71.9,bottom,11
23:20:52,72.5,94.1,moving_up,12
23:20:53,146.8,162.4,invalid,12
23:20:53,153.1,166.8,top,12
23:20:54,150.5,159.8,invalid,12
23:20:54,149.8,159.1,moving_up,12
23:20:56,146.6,161.5,invalid,12
23:20:57,150.3,162.5,top,12
23:20:59,148.9,162.8,invalid,12
23:21:00,153.8,169.4,top,12
23:21:02,146.7,164.9,invalid,12
23:21:04,24.2,19.8,bottom,12
23:21:05,104.7,122.7,moving_up,12
23:21:05,154.4,169.4,top,12
23:21:05,135.0,159.1,moving_down,12
23:21:06,33.2,50.5,bottom,12
23:21:07,80.6,97.4,moving_up,13
23:21:07,145.2,160.2,invalid,13
23:21:07,154.8,169.2,top,13
23:21:08,128.3,146.3,moving_down,13
23:21:08,49.7,67.2,bottom,13
23:21:09,109.4,131.2,moving_up,14
23:21:09,152.1,166.3,top,14
23:21:10,139.8,153.3,moving_down,14
23:21:10,53.0,74.0,bottom,14
23:21:11,65.3,84.0,moving_up,15
23:21:11,151.5,168.1,top,15
23:21:12,150.7,156.2,invalid,15
23:21:13,137.1,145.9,moving_up,15
23:21:13,161.7,166.8,top,15
23:21:13,61.3,86.8,moving_down,15
23:21:13,37.0,25.7,bottom,15
23:21:17,59.8,89.1,invalid,16
23:21:17,76.0,110.8,moving_up,16
23:21:17,146.7,162.0,invalid,16
23:21:18,145.9,159.8,moving_up,16
23:21:19,144.8,162.5,invalid,16
23:21:19,154.6,169.5,top,16
23:21:21,145.8,165.0,invalid,16
23:21:21,136.9,157.5,moving_up,16
23:21:21,150.8,164.0,top,16
23:21:22,105.3,116.6,moving_down,16
23:21:23,150.9,123.1,invalid,16
23:21:24,146.2,122.3,moving_up,16
23:21:25,156.3,119.0,invalid,16
23:21:26,126.6,115.5,moving_up,16
23:21:26,68.5,78.4,invalid,16
23:21:26,59.6,48.7,bottom,16
23:21:26,86.8,22.9,invalid,16
23:21:31,91.4,152.6,moving_up,16
23:21:32,163.5,11.1,invalid,16
23:21:32,28.7,13.0,bottom,16
23:21:34,100.1,8.5,invalid,16
23:21:36,42.0,4.5,bottom,16
23:21:55,104.5,135.3,moving_up,16
23:22:03,154.4,165.5,top,16
23:22:05,157.4,158.9,invalid,16
23:22:05,148.8,154.4,moving_up,16
23:22:05,150.9,152.5,invalid,16
23:22:06,160.6,162.0,top,16
23:22:06,158.4,159.9,invalid,16
23:22:08,157.3,160.3,top,16
23:22:10,147.4,162.8,invalid,16
23:22:10,142.9,158.2,moving_up,16
23:22:11,157.0,173.9,top,16
23:22:12,146.6,167.2,invalid,16
23:22:12,133.0,153.4,moving_up,16
23:22:12,156.8,175.8,top,16
23:22:13,112.9,152.7,moving_down,16
23:22:13,150.4,171.4,top,16
23:22:13,123.1,151.1,moving_down,17
23:22:16,50.8,137.3,invalid,17
23:22:18,68.2,137.2,moving_up,17
23:22:19,150.3,145.3,invalid,17
23:22:20,148.2,140.4,moving_up,17
23:22:20,85.7,67.8,invalid,17
23:22:20,22.8,30.0,bottom,17
23:22:23,62.5,56.2,invalid,17
23:22:25,58.5,55.8,bottom,17
23:22:26,62.2,55.6,invalid,17
23:22:31,59.2,61.8,bottom,17
23:22:34,70.4,78.0,invalid,17
23:22:34,85.4,94.1,moving_up,17
23:22:36,155.9,159.9,invalid,17
23:22:36,158.1,163.3,top,17
23:22:37,152.6,155.9,invalid,17
23:22:38,146.1,150.6,moving_up,17
23:22:38,173.3,176.5,top,17
23:22:38,130.5,138.7,moving_down,17
23:22:39,56.8,71.4,bottom,17
23:22:40,60.5,80.4,moving_up,18
23:22:40,153.8,164.5,top,18
23:22:41,142.0,150.5,moving_down,18
23:22:42,56.8,71.3,bottom,18
23:22:43,85.7,103.1,moving_up,19
23:22:43,154.8,162.7,top,19
23:22:44,129.9,143.4,moving_down,19
23:22:44,60.5,78.2,invalid,19
23:22:44,49.6,65.7,bottom,19
23:22:46,72.5,64.1,invalid,19
23:22:47,57.3,65.0,bottom,19
23:22:48,67.7,66.9,invalid,19
23:22:49,54.0,62.5,bottom,19
23:22:50,71.5,59.7,invalid,19
23:22:51,54.5,59.1,bottom,19
23:22:51,64.5,9.8,invalid,19
23:22:55,144.3,118.0,moving_up,19
23:22:55,37.0,11.8,bottom,19
23:22:56,163.4,8.3,invalid,20
23:23:23,0,0,invalid,1
23:23:26,179.9,8.7,bottom,1
23:23:30,173.4,35.9,moving_up,1
23:23:31,157.7,85.4,top,1
23:23:32,129.2,70.0,invalid,1
23:23:32,147.1,48.2,moving_up,1
23:23:33,179.2,17.4,bottom,1
23:23:34,177.7,34.5,moving_up,2
23:23:34,148.5,86.9,top,2
23:23:36,147.1,79.5,moving_down,2
23:23:37,173.2,18.9,bottom,2
23:23:38,168.1,30.2,moving_up,3
23:23:38,141.2,87.2,top,3
23:23:39,139.2,87.4,invalid,3
23:23:39,144.0,82.1,top,3
23:23:40,142.4,68.1,moving_down,3
23:23:40,166.7,17.0,bottom,3
23:23:41,168.5,23.0,moving_up,4
23:23:42,135.6,75.4,invalid,4
23:23:44,146.0,99.6,top,4
23:23:45,139.4,91.6,invalid,4
23:23:45,148.3,74.1,moving_up,4
23:23:46,170.5,16.2,bottom,4
23:23:47,165.4,26.2,moving_up,5
23:23:47,156.2,83.9,top,5
23:23:48,156.1,77.4,moving_down,5
23:23:49,170.2,17.6,bottom,5
23:23:50,175.6,49.4,moving_up,6
23:23:50,169.0,83.1,top,6
23:23:51,168.0,76.8,moving_down,6
23:23:52,177.0,13.4,bottom,6
23:23:53,171.9,32.2,moving_up,7
23:23:53,133.7,64.7,invalid,7
23:23:57,159.4,13.6,bottom,7
23:23:58,133.5,14.1,invalid,7
23:24:00,154.8,13.9,bottom,7
23:24:01,101.1,12.1,invalid,7
23:24:02,167.2,13.8,bottom,7
23:24:03,168.5,33.4,moving_up,7
23:24:03,139.3,82.0,invalid,7
23:24:04,144.5,77.7,moving_up,7
23:24:04,164.1,19.9,bottom,7
23:24:05,160.3,23.2,moving_up,8
23:24:06,136.0,78.4,invalid,8
23:24:07,143.0,94.0,top,8
23:24:08,152.1,70.6,moving_down,8
23:24:09,175.0,12.3,bottom,8
23:24:10,166.5,25.2,moving_up,9
23:24:10,156.0,80.7,top,9
23:24:11,156.8,71.6,moving_down,9
23:24:12,177.8,16.3,bottom,9
23:24:13,168.0,28.0,moving_up,10
23:24:14,144.9,85.7,top,10
23:24:16,144.0,77.8,moving_down,10
23:24:17,173.4,16.2,bottom,10
23:24:18,151.9,24.6,moving_up,11
23:24:18,135.5,40.4,invalid,11
23:24:21,140.1,90.0,top,11
23:24:21,139.9,88.0,invalid,11
23:24:22,152.7,78.5,moving_up,11
23:24:22,167.0,16.0,bottom,11
23:24:23,159.2,21.8,moving_up,12
23:24:24,139.3,64.4,invalid,12
23:24:24,144.3,78.0,moving_up,12
23:24:24,136.6,83.4,invalid,12
23:24:25,142.0,94.3,top,12
23:24:26,151.7,73.0,moving_down,12
23:24:28,157.7,19.2,bottom,12
23:24:28,148.8,23.3,moving_up,13
23:24:29,145.0,84.0,top,13
23:24:29,140.8,78.2,moving_down,13
23:24:30,169.1,18.4,bottom,13
23:24:31,161.0,23.2,moving_up,14
23:24:32,143.7,80.7,top,14
23:24:32,139.7,83.5,invalid,14
23:24:32,140.5,89.4,top,14
23:24:33,138.2,85.5,invalid,14
23:24:33,141.1,78.0,moving_up,14
23:24:34,161.3,19.9,bottom,14
23:24:35,147.7,23.6,moving_up,15
23:24:36,135.6,82.5,invalid,15
23:24:37,141.7,83.6,top,15
23:24:39,145.1,79.3,moving_down,15
23:24:39,143.9,80.0,top,15
23:24:43,140.8,79.7,moving_down,16
23:24:44,161.2,17.9,bottom,16
23:24:46,158.8,23.2,moving_up,17
23:24:46,145.2,83.9,top,17
23:24:48,150.8,77.3,moving_down,17
23:24:48,165.9,18.6,bottom,17
23:24:49,160.0,24.8,moving_up,18
23:24:50,147.3,82.4,top,18
23:24:50,139.6,85.8,invalid,18
23:24:51,144.1,85.6,top,18
23:24:54,150.4,79.6,moving_down,18
23:24:55,170.4,18.1,bottom,18
23:24:56,166.0,23.5,moving_up,19
23:24:57,137.8,69.9,invalid,19
23:24:59,141.3,74.5,moving_up,19
23:25:00,143.9,83.3,top,19
23:25:01,146.9,78.9,moving_down,19
23:25:01,178.9,10.7,bottom,19
23:25:05,178.6,22.0,moving_up,20
23:25:06,92.1,53.3,invalid,20
23:25:09,155.2,73.5,moving_up,20
23:25:10,92.8,61.0,invalid,20
23:25:11,174.8,0.5,bottom,20
23:25:13,149.3,20.2,moving_up,20
23:25:14,146.8,19.9,bottom,20
23:25:15,145.4,20.2,moving_up,21
23:25:15,149.0,18.0,bottom,21
23:25:17,166.4,27.5,moving_up,22
23:25:18,139.3,85.8,invalid,22
23:25:19,140.0,83.2,top,22
23:25:21,144.4,79.5,moving_down,22
23:25:22,143.4,80.2,top,22
23:25:23,141.4,79.8,moving_down,23
23:25:23,139.2,78.4,invalid,23
23:25:27,169.6,25.6,moving_up,23
23:25:27,177.6,19.6,bottom,23
23:25:27,176.8,27.2,moving_up,24
23:25:27,173.8,3.3,bottom,24
23:25:27,172.3,26.3,moving_up,25
23:25:29,178.9,19.9,bottom,25
23:25:31,155.9,35.4,moving_up,26
23:25:32,140.9,85.2,top,26
23:25:34,143.5,70.2,moving_down,26
23:25:35,163.0,18.7,bottom,26
23:25:36,149.4,32.0,moving_up,27
23:25:37,137.0,52.7,invalid,27
23:25:38,141.4,55.5,moving_up,27
23:25:39,139.5,79.4,invalid,27
23:25:40,143.1,91.6,top,27
23:25:41,153.3,72.8,moving_down,27
23:25:42,131.5,62.2,invalid,27
23:25:43,141.5,63.7,moving_up,27
23:25:45,153.9,80.7,top,27
23:25:45,139.3,93.4,invalid,27
23:25:46,143.4,91.2,top,27
23:25:46,157.7,77.4,moving_down,27
23:25:46,169.5,19.0,bottom,27
23:25:51,163.4,21.4,moving_up,28
23:27:51,179.4,162.9,invalid,1
23:27:52,177.7,177.6,top,1
23:27:53,30.2,42.3,invalid,1
23:27:53,173.1,152.1,top,1
23:27:54,99.1,149.1,invalid,1
23:27:54,159.3,152.3,top,1
23:27:54,142.1,41.9,moving_down,1
23:27:54,164.4,154.9,top,1
23:27:57,171.8,56.3,moving_down,2
23:27:57,174.7,84.1,top,2
23:27:58,170.4,75.7,moving_down,3
23:27:58,168.3,82.7,top,3
23:27:58,179.4,13.3,invalid,4
23:27:59,179.2,11.6,bottom,4
23:28:01,178.2,31.1,moving_up,4
23:28:01,150.0,95.1,top,4
23:28:04,145.0,71.3,moving_down,4
23:28:04,172.9,19.1,bottom,4
23:28:05,177.0,25.1,moving_up,5
23:28:05,154.2,84.6,top,5
23:28:06,172.4,65.9,moving_down,5
23:28:07,173.5,16.7,bottom,5
23:28:08,172.1,38.8,moving_up,6
23:28:08,149.0,97.1,top,6
23:28:09,163.1,64.9,moving_down,6
23:28:09,170.2,18.3,bottom,6
23:28:10,135.1,20.7,moving_up,7
23:28:10,116.9,21.2,invalid,7
23:28:10,122.8,21.4,moving_up,7
23:28:11,90.3,28.6,invalid,7
23:28:15,166.7,11.5,bottom,7
23:28:17,173.8,36.2,moving_up,7
23:28:17,151.1,88.6,top,7
23:28:18,160.4,77.7,moving_down,7
23:28:18,172.7,15.3,bottom,7
23:28:19,154.2,33.8,moving_up,8
23:28:19,154.7,95.8,top,8
23:28:20,160.1,48.6,moving_down,8
23:28:21,176.3,19.5,bottom,8
23:28:23,41.0,33.1,invalid,9
23:28:23,158.9,63.2,moving_up,9
23:28:23,53.6,86.4,invalid,9
23:28:24,168.1,64.2,moving_up,9
23:28:24,1.1,26.1,invalid,9
23:28:28,167.4,10.9,bottom,9
23:28:30,112.8,12.0,invalid,9
23:28:36,166.5,14.4,bottom,9
23:28:36,179.5,23.3,moving_up,9
23:28:37,141.9,97.0,top,9
23:28:37,132.9,78.4,moving_down,9
23:28:38,178.3,11.0,bottom,9
23:28:40,176.7,31.9,moving_up,10
23:28:40,165.7,86.4,top,10
23:28:41,179.5,78.2,moving_down,10
23:28:42,166.2,18.4,bottom,10
23:28:43,169.6,32.3,moving_up,11
23:28:43,148.9,104.1,top,11
23:28:44,174.1,63.4,moving_down,11
23:28:44,172.1,17.5,bottom,11
23:28:45,163.5,20.7,moving_up,12
23:28:46,149.9,87.1,top,12
23:28:46,117.9,108.7,invalid,12
23:28:46,122.0,105.6,top,12
23:28:47,171.6,77.6,moving_down,12
23:28:47,175.6,18.1,bottom,12
23:28:49,166.2,24.3,moving_up,13
23:28:49,152.3,89.2,top,13
23:28:50,158.9,64.9,moving_down,13
23:28:51,175.5,17.3,bottom,13
23:28:52,178.0,31.6,moving_up,14
23:28:53,169.8,18.9,bottom,14
23:28:54,170.1,27.2,moving_up,15
23:28:55,178.0,18.9,bottom,15
23:28:55,166.0,20.8,moving_up,16
23:28:56,137.6,102.7,top,16
23:28:57,128.1,79.7,moving_down,16
23:28:57,138.0,81.6,top,16
23:28:58,135.1,75.7,moving_down,17
23:28:58,128.7,87.4,top,17
23:29:00,134.7,74.8,moving_down,18
23:29:00,4.4,28.7,invalid,18
23:29:01,167.2,14.1,bottom,18
23:29:04,177.3,20.3,moving_up,18
23:29:04,160.4,11.1,bottom,18
23:29:14,0,0,invalid,1
23:29:14,0,0,top,1
23:29:16,179.0,17.6,invalid,1
23:29:16,176.5,14.3,bottom,1
23:29:19,149.3,8.5,moving_up,1
23:29:19,19.4,12.5,top,1
23:29:20,23.5,13.0,moving_down,1
23:29:21,164.9,11.0,bottom,1
23:29:22,138.2,9.9,moving_up,2
23:29:22,17.9,10.8,top,2
23:29:23,106.9,11.7,moving_down,2
23:29:23,167.9,10.6,bottom,2
23:29:24,146.9,9.0,moving_up,3
23:29:24,12.8,11.2,top,3
23:29:25,135.3,12.2,moving_down,3
23:29:25,170.6,11.4,bottom,3
23:29:26,141.9,9.9,moving_up,4
23:29:26,14.3,12.1,top,4
23:29:27,104.4,11.2,moving_down,4
23:29:27,162.1,9.9,bottom,4
23:29:28,125.7,9.2,moving_up,5
23:29:29,167.6,10.2,bottom,5
23:29:29,150.1,10.1,moving_up,6
23:29:30,17.8,10.8,top,6
23:29:30,36.1,11.0,moving_down,6
23:29:30,168.7,11.1,bottom,6
23:29:31,136.8,9.1,moving_up,7
23:29:31,17.3,10.2,top,7
23:29:34,29.3,10.3,moving_down,7
23:29:36,19.3,0.1,top,7
23:29:37,21.8,0.6,moving_down,8
23:29:38,165.0,3.5,bottom,8
23:29:39,145.9,5.0,moving_up,9
23:29:39,18.4,3.4,top,9
23:29:40,28.4,2.5,moving_down,9
23:29:41,171.2,5.4,bottom,9
23:29:41,147.7,6.3,moving_up,10
23:29:42,17.9,3.7,top,10
23:29:43,29.8,4.6,moving_down,10
23:29:44,170.6,6.4,bottom,10
23:29:45,133.7,9.6,moving_up,11
23:29:45,15.6,9.7,top,11
23:29:46,20.1,9.7,moving_down,11
23:29:49,173.0,8.8,bottom,11
23:29:50,107.3,8.4,moving_up,12
23:29:50,15.4,8.6,top,12
23:29:51,25.1,8.2,moving_down,12
23:29:51,167.6,8.4,bottom,12
23:29:52,156.4,7.0,moving_up,13
23:29:53,19.7,2.9,top,13
23:29:54,22.0,2.8,moving_down,13
23:29:54,163.1,4.6,bottom,13
23:29:55,156.6,5.9,moving_up,14
23:29:56,19.2,3.5,top,14
23:29:56,28.8,3.0,moving_down,14
23:29:57,172.9,5.7,bottom,14
23:29:58,141.4,7.7,moving_up,15
23:29:59,166.3,7.3,bottom,15
23:29:59,142.8,8.7,moving_up,16
23:30:00,165.1,5.3,bottom,16
23:30:00,154.1,10.5,moving_up,17
23:30:03,170.5,8.8,bottom,17
23:30:04,142.1,8.3,moving_up,18
23:30:06,169.6,7.8,bottom,18
23:30:06,159.4,12.0,moving_up,19
23:30:06,92.0,36.5,invalid,19
23:30:11,149.5,18.7,moving_up,19
23:30:11,164.1,12.4,bottom,19
23:30:13,143.0,16.2,moving_up,20
23:30:13,67.5,41.1,invalid,20
23:30:17,153.7,17.2,moving_up,20
23:30:17,162.9,10.8,bottom,20
23:30:19,172.4,87.3,invalid,21
23:30:20,155.6,5.6,moving_up,21
23:30:22,171.0,3.7,bottom,21
23:30:22,159.9,5.9,moving_up,22
23:30:23,152.2,152.1,invalid,22
23:30:34,33.5,21.3,start,1
23:30:36,174.6,31.6,invalid,1
23:30:40,45.8,48.2,bottom,1
23:30:42,76.1,97.2,moving_up,1
23:30:44,150.7,160.7,top,1
23:30:46,146.3,156.5,moving_down,1
23:30:47,36.0,58.3,bottom,1
23:30:48,69.9,95.6,moving_up,2
23:30:49,152.0,166.2,top,2
23:30:51,145.5,164.9,invalid,2
23:30:52,132.9,155.0,moving_up,2
23:30:52,140.1,170.2,invalid,2
23:30:52,172.4,163.9,top,2
23:30:52,138.1,156.4,moving_down,2
23:30:53,139.4,160.3,invalid,2
23:30:53,167.7,168.3,top,2
23:30:54,140.8,155.6,moving_down,2
23:30:55,168.6,167.8,top,2
23:30:55,141.2,154.8,moving_down,3
23:30:55,149.2,168.6,invalid,3
23:30:55,151.6,168.0,top,3
23:30:56,136.8,155.3,moving_down,3
23:30:56,141.1,160.7,invalid,3
23:30:56,138.1,159.0,moving_up,3
23:30:57,156.2,158.6,invalid,3
23:30:57,137.4,153.1,moving_up,3
23:30:57,158.7,163.5,top,3
23:30:57,137.2,156.3,moving_down,3
23:30:58,153.1,156.6,invalid,3
23:30:58,179.3,167.7,top,3
23:30:58,133.2,155.0,moving_down,3
23:31:00,178.1,164.0,top,3
23:31:00,129.2,110.8,moving_down,4
23:31:02,63.0,78.9,invalid,4
23:31:03,69.6,86.7,moving_up,4
23:31:03,146.1,160.2,invalid,4
23:31:03,153.7,167.1,top,4
23:31:05,152.3,158.9,invalid,4
23:31:05,147.9,156.0,moving_up,4
23:31:07,151.4,158.4,invalid,4
23:31:08,157.0,160.2,top,4
23:31:08,156.9,159.9,invalid,4
23:31:09,157.3,160.2,top,4
23:31:11,154.2,159.9,invalid,4
23:31:11,147.7,158.8,moving_up,4
23:31:12,150.7,154.8,invalid,4
23:31:16,144.6,154.7,moving_up,4
23:31:16,151.7,154.4,invalid,4
23:31:19,149.1,138.4,moving_up,4
23:31:20,44.3,60.4,bottom,4
23:31:24,83.7,98.5,moving_up,5
23:31:25,157.5,165.9,top,5
23:31:26,139.4,152.5,moving_down,5
23:31:28,65.5,75.7,invalid,5
23:31:28,35.3,48.6,bottom,5
23:31:29,67.2,96.0,moving_up,5
23:31:31,153.9,166.1,top,5
23:31:31,148.4,161.5,invalid,5
23:31:32,126.5,144.5,moving_up,5
23:31:33,57.0,73.2,bottom,5
23:31:35,66.2,85.1,moving_up,6
23:31:36,155.2,166.0,top,6
23:31:36,145.3,156.9,moving_down,6
23:31:37,55.0,71.3,bottom,6
23:31:38,83.0,109.4,moving_up,7
23:31:39,151.0,165.4,top,7
23:31:39,148.9,162.5,invalid,7
23:31:40,124.9,141.7,moving_up,7
23:31:40,59.0,77.4,bottom,7
23:31:41,61.0,81.3,moving_up,8
23:31:41,66.1,78.7,invalid,8
23:31:43,52.6,70.8,bottom,8
23:31:46,64.1,65.5,invalid,8
23:31:48,59.8,66.1,bottom,8
23:32:48,43.2,6.9,start,1
23:32:49,150.7,26.0,invalid,1
23:32:53,42.5,30.5,bottom,1
23:32:56,60.4,40.6,invalid,1
23:32:58,59.6,38.8,bottom,1
23:33:01,60.8,46.6,invalid,1
23:33:03,59.5,60.7,bottom,1
23:33:05,61.0,58.7,invalid,1
23:33:07,59.9,60.3,bottom,1
23:33:07,60.6,61.6,invalid,1
23:33:07,59.4,61.2,bottom,1
23:33:09,62.2,61.4,invalid,1
23:33:11,57.9,55.1,bottom,1
23:33:20,29.0,81.0,invalid,1
23:33:23,28.3,80.0,bottom,1
23:33:27,62.5,66.6,invalid,1
23:33:28,56.9,64.2,bottom,1
23:33:29,44.5,80.9,invalid,1
23:33:30,50.8,73.8,bottom,1
23:33:31,50.7,82.9,invalid,1
23:33:31,62.5,92.4,moving_up,1
23:33:35,59.2,82.9,invalid,1
23:33:36,68.4,96.1,moving_up,1
23:33:37,147.1,163.4,invalid,1
23:33:37,154.1,170.9,top,1
23:33:42,150.0,159.3,invalid,1
23:33:42,143.6,153.2,moving_up,1
23:33:42,159.2,149.7,invalid,1
23:33:43,62.5,84.8,moving_up,1
23:33:43,50.0,69.0,bottom,1
23:33:46,68.3,96.4,moving_up,2
23:33:47,143.6,160.6,invalid,2
23:33:47,153.3,170.9,top,2
23:33:51,130.9,159.2,moving_down,2
23:33:52,53.0,155.9,invalid,2
23:33:52,61.6,153.2,moving_up,2
23:33:53,52.9,147.8,invalid,2
23:33:54,73.9,144.7,moving_up,2
23:33:55,136.1,160.6,invalid,2
23:33:55,150.4,168.3,top,2
23:33:58,149.1,164.3,invalid,2
23:33:58,144.1,159.0,moving_up,2
23:33:59,145.5,160.2,invalid,2
23:33:59,150.4,163.7,top,2
23:34:02,146.7,158.8,moving_down,2
23:34:05,65.8,80.0,invalid,2
23:34:05,59.0,72.6,bottom,2
23:34:08,68.1,87.2,moving_up,2
23:34:08,148.5,160.4,invalid,2
23:34:08,154.5,167.3,top,2
23:34:09,147.7,157.0,moving_down,2
23:34:10,50.7,69.8,bottom,2
23:34:12,76.3,100.2,moving_up,3
23:34:13,156.5,172.4,top,3
23:34:13,148.3,162.6,invalid,3
23:34:14,116.9,138.2,moving_up,3
23:34:14,60.3,79.2,invalid,3
23:34:14,36.1,49.3,bottom,3
23:34:16,57.9,84.4,invalid,3
23:34:16,77.1,106.5,moving_up,3
23:34:17,145.1,160.2,invalid,3
23:34:17,158.3,174.3,top,3
23:34:18,149.1,159.8,moving_down,3
23:34:18,59.3,79.9,bottom,3
23:34:20,110.4,5.3,invalid,4
23:34:30,44.3,21.7,bottom,4
23:34:32,176.9,10.6,invalid,4
23:34:41,49.4,20.3,bottom,4
23:34:41,82.4,95.9,moving_up,4
23:34:42,52.9,57.2,bottom,4
23:34:45,75.2,14.8,invalid,5
23:34:54,31.3,9.8,bottom,5
23:34:58,88.7,105.6,moving_up,5
23:34:58,39.4,47.8,bottom,5
23:34:59,72.6,8.5,invalid,6
23:35:08,164.9,176.5,top,6
23:36:57,167.8,169.9,invalid,1
23:36:57,175.7,165.1,top,1
23:36:59,147.7,6.5,invalid,1
23:37:03,53.2,31.7,bottom,1
23:37:05,71.9,90.3,invalid,1
23:37:05,85.5,108.2,moving_up,1
23:37:05,136.0,151.5,invalid,1
23:37:05,154.0,167.5,top,1
23:37:07,149.5,168.0,invalid,1
23:37:07,58.3,78.0,bottom,1
23:37:09,83.3,108.3,moving_up,1
23:37:09,144.2,159.1,invalid,1
23:37:09,150.6,166.9,top,1
23:37:10,148.6,157.8,invalid,1
23:37:11,127.2,138.2,moving_up,1
23:37:11,138.9,140.2,invalid,1
23:37:11,55.6,78.7,bottom,1
23:37:14,74.8,91.3,invalid,1
23:37:14,94.2,116.1,moving_up,1
23:37:14,149.5,162.4,invalid,1
23:37:15,157.9,170.4,top,1
23:37:15,144.4,158.8,invalid,1
23:37:16,96.5,117.1,moving_up,1
23:37:16,71.0,94.8,invalid,1
23:37:16,37.1,51.5,bottom,1
23:37:17,68.9,89.5,invalid,1
23:37:17,89.4,112.8,moving_up,1
23:37:18,141.7,155.2,invalid,1
23:37:18,156.3,168.0,top,1
23:37:19,142.8,152.8,invalid,1
23:37:19,124.5,138.0,moving_up,1
23:37:20,79.1,94.1,invalid,1
23:37:23,49.6,79.5,bottom,1
23:37:24,135.8,11.2,invalid,1
23:37:26,129.2,91.6,moving_up,1
23:37:27,53.2,13.2,bottom,1
23:38:27,0,0,start,1
23:38:28,165.2,42.2,invalid,1
23:38:32,39.3,29.7,bottom,1
23:38:36,93.4,118.7,moving_up,1
23:38:36,148.9,161.7,top,1
23:38:38,120.5,140.7,invalid,1
23:38:38,65.1,85.8,bottom,1
23:38:39,96.5,123.0,moving_up,1
23:38:40,128.6,147.0,invalid,1
23:38:40,152.2,164.9,top,1
23:38:41,130.2,145.1,invalid,1
23:38:41,98.7,118.4,moving_up,1
23:38:41,70.6,90.9,bottom,1
23:38:43,82.3,102.7,moving_up,2
23:38:46,125.9,143.1,invalid,2
23:38:48,140.2,148.6,top,2
23:38:50,139.9,147.6,invalid,2
23:38:50,140.0,147.5,top,2
23:38:51,139.9,147.1,invalid,2
23:38:54,103.8,139.6,moving_up,2
23:38:54,119.9,140.4,invalid,2
23:38:55,140.3,142.6,top,2
23:38:58,100.3,132.4,moving_down,2
23:38:58,55.7,83.6,bottom,2
23:39:01,86.0,113.7,moving_up,3
23:39:01,149.0,165.8,top,3
23:39:02,135.1,155.5,invalid,3
23:39:02,83.8,107.7,moving_up,3
23:39:02,43.0,62.0,bottom,3
23:39:04,95.7,125.7,moving_up,4
23:39:04,138.6,157.9,invalid,4
23:39:05,156.9,171.8,top,4
23:39:06,113.8,137.5,moving_down,4
23:39:06,68.5,93.8,bottom,4
23:39:07,99.1,124.0,moving_up,5
23:39:07,125.3,146.5,invalid,5
23:39:07,148.3,163.1,top,5
23:39:08,137.6,154.4,invalid,5
23:39:08,111.7,133.8,moving_up,5
23:39:09,57.8,79.8,bottom,5
23:39:10,81.9,110.7,moving_up,6
23:39:10,137.8,156.2,invalid,6
23:39:10,150.7,167.0,top,6
23:39:11,133.2,146.4,invalid,6
23:39:11,109.0,126.2,moving_up,6
23:39:11,67.6,91.5,bottom,6
23:39:13,104.3,134.0,moving_up,7
23:39:13,136.5,159.0,invalid,7
23:39:13,160.9,178.4,top,7
23:39:14,122.2,139.0,moving_down,7
23:39:14,95.4,67.1,invalid,7
23:39:15,44.9,53.9,bottom,7
23:39:17,95.2,127.1,moving_up,7
23:39:17,132.1,156.3,invalid,7
23:39:17,156.6,173.6,top,7
23:39:18,131.8,150.5,invalid,7
23:39:19,96.1,124.4,moving_up,7
23:39:19,147.7,150.0,top,7
23:39:19,56.1,76.5,invalid,7
23:39:19,43.1,56.5,bottom,7
23:39:22,78.1,103.4,invalid,7
23:39:22,82.9,109.3,moving_up,7
23:39:25,81.6,98.2,invalid,7
23:39:25,78.8,94.4,bottom,7
23:39:26,83.0,98.4,invalid,7
23:39:26,86.9,104.2,moving_up,7
23:39:28,79.9,102.5,invalid,7
23:39:28,70.6,98.7,bottom,7
23:39:31,58.4,101.1,invalid,7
23:39:31,81.4,123.1,moving_up,7
23:39:31,114.3,144.9,invalid,7
23:39:31,146.0,164.2,top,7
23:39:32,128.7,147.5,invalid,7
23:39:33,96.5,124.4,moving_up,7
23:39:33,37.7,65.8,bottom,7
23:39:35,82.7,117.6,moving_up,8
23:39:35,143.7,162.5,top,8
23:39:38,125.4,150.2,invalid,8
23:39:38,43.3,65.1,bottom,8
23:39:39,128.1,8.3,invalid,8
23:39:42,16.4,19.7,bottom,8
23:39:44,143.4,26.0,invalid,8
23:49:03,0,0,start,1
23:49:06,165.1,5.8,invalid,1
23:49:08,57.3,32.4,bottom,1
23:49:08,60.1,22.4,invalid,1
23:49:10,43.8,29.2,bottom,1
23:49:15,81.1,95.3,moving_up,1
23:49:15,151.7,158.0,invalid,1
23:49:15,154.0,160.5,top,1
23:49:17,151.0,156.3,invalid,1
23:49:17,149.5,154.1,moving_up,1
23:49:19,151.4,153.8,invalid,1
23:49:29,157.0,160.2,top,1
23:49:31,156.4,159.8,invalid,1
23:49:31,145.6,153.3,moving_up,1
23:49:33,46.0,78.6,bottom,1
23:49:35,63.1,103.1,moving_up,2
23:49:36,158.4,168.0,top,2
23:49:37,147.9,164.7,invalid,2
23:49:37,136.4,154.1,moving_up,2
23:49:38,30.1,46.4,bottom,2
23:49:39,81.0,107.1,moving_up,3
23:49:39,159.6,169.8,top,3
23:49:43,149.8,167.0,invalid,3
23:49:43,133.7,154.2,moving_up,3
23:49:43,158.1,168.4,top,3
23:49:44,172.1,156.7,invalid,3
23:49:44,96.7,117.5,moving_up,3
23:49:44,57.2,80.6,invalid,3
23:49:44,35.0,49.0,bottom,3
23:49:46,76.7,101.9,moving_up,3
23:49:47,144.4,160.4,invalid,3
23:49:47,164.1,175.7,top,3
23:49:49,135.0,170.5,invalid,3
23:49:50,152.6,166.8,top,3
23:49:51,139.2,166.4,invalid,3
23:49:52,86.3,158.9,moving_up,3
23:49:52,134.7,160.1,invalid,3
23:49:52,155.3,163.0,top,3
23:49:55,148.9,169.4,invalid,3
23:49:55,134.1,149.4,moving_up,3
23:49:57,166.1,172.4,top,3
23:49:57,143.7,159.5,moving_down,3
23:49:58,160.6,166.7,top,3
23:49:58,136.0,160.7,invalid,4
23:49:58,140.6,159.1,moving_up,4
23:49:59,55.4,76.5,bottom,4
23:49:59,112.7,11.9,invalid,5
23:50:01,1.3,48.8,bottom,5
23:50:02,171.4,11.8,invalid,5
23:50:04,32.5,7.2,bottom,5
23:50:05,61.5,77.3,invalid,5
23:50:06,68.1,83.4,moving_up,5
23:50:07,50.1,62.5,bottom,5
23:50:07,94.5,12.6,invalid,6
23:50:09,38.0,14.3,bottom,6
23:50:12,25.2,86.1,invalid,6
23:50:13,22.0,69.4,bottom,6
23:50:15,73.8,101.9,moving_up,6
23:50:16,150.5,154.0,invalid,6
23:50:35,145.8,150.0,moving_up,6
23:50:36,37.9,37.5,bottom,6
23:50:36,140.0,14.1,invalid,7
23:50:39,3.2,47.9,bottom,7
23:50:40,68.2,130.9,moving_up,7
23:50:40,143.5,71.7,invalid,7
23:50:41,34.9,25.6,bottom,7
23:50:44,171.0,162.7,invalid,7
23:50:44,165.9,177.9,top,7
23:50:45,167.3,78.5,invalid,7
23:50:45,128.5,88.2,moving_up,7
23:50:45,147.6,59.0,invalid,7
23:50:48,117.6,87.6,moving_up,7
23:50:49,34.2,85.0,invalid,7
23:50:52,178.2,167.9,top,7
23:50:55,177.0,22.1,invalid,7
23:57:04,0,0,start,1
23:57:04,155.2,179.4,invalid,1
23:57:05,155.2,179.4,top,1
23:57:06,161.3,6.7,invalid,1
23:57:12,52.2,13.9,bottom,1
23:57:14,69.8,95.1,moving_up,1
23:57:14,153.1,162.3,top,1
23:57:16,145.6,157.3,moving_down,1
23:57:17,49.6,61.2,bottom,1
23:57:18,63.4,78.6,invalid,2
23:57:19,94.8,113.3,moving_up,2
23:57:19,157.5,164.6,top,2
23:57:21,139.8,152.8,moving_down,2
23:57:22,35.6,48.7,bottom,2
23:57:24,61.6,75.0,invalid,3
23:57:24,73.7,87.7,moving_up,3
23:57:26,58.2,71.7,bottom,3
23:57:32,86.9,109.1,moving_up,4
23:57:32,159.5,170.2,top,4
23:57:33,149.4,162.5,invalid,4
23:57:33,116.2,134.9,moving_up,4
23:57:33,40.9,54.9,bottom,4
23:57:35,64.3,83.4,moving_up,5
23:57:35,153.5,164.7,top,5
23:57:36,144.5,157.9,moving_down,5
23:57:38,55.0,67.1,bottom,5
23:57:39,76.6,93.9,moving_up,6
23:57:40,157.3,168.6,top,6
23:57:41,135.0,152.2,moving_down,6
23:57:41,57.3,74.4,bottom,6
23:57:42,61.1,74.7,invalid,7
23:57:42,101.3,110.8,moving_up,7
23:57:43,154.3,161.0,top,7
23:57:44,149.8,159.9,moving_down,7
23:57:44,28.9,36.8,bottom,7
23:57:46,61.7,86.5,moving_up,8
23:57:46,153.8,164.8,top,8
23:57:48,138.0,151.8,moving_down,8
23:57:48,57.4,72.3,bottom,8
23:57:50,99.7,127.9,moving_up,9
23:57:50,150.7,166.7,top,9
23:57:51,143.1,156.9,moving_down,9
23:57:51,38.6,50.4,bottom,9
23:57:53,85.0,75.3,invalid,10
23:57:53,113.3,102.8,moving_up,10
23:57:54,48.1,34.6,bottom,10
23:57:56,82.6,76.1,invalid,11
23:57:56,111.1,100.6,moving_up,11
23:57:57,40.7,38.6,bottom,11
23:58:01,57.0,87.8,invalid,12
23:58:02,86.0,117.6,moving_up,12
23:58:03,31.4,52.7,bottom,12
23:58:04,80.1,104.5,moving_up,13
23:58:06,160.6,164.2,top,13
23:58:07,145.8,153.9,moving_down,13
23:58:08,32.0,42.9,bottom,13
23:58:10,70.9,89.9,moving_up,14
23:58:10,158.0,163.2,top,14
23:58:11,148.6,155.2,moving_down,14
23:58:12,50.1,63.3,bottom,14
23:58:14,77.6,95.6,moving_up,15
23:58:14,160.4,162.6,top,15
23:58:15,151.8,158.3,invalid,15
23:58:15,134.8,146.5,moving_up,15
23:58:16,51.7,68.1,bottom,15
23:58:18,73.1,93.8,moving_up,16
23:58:20,157.7,162.1,top,16
23:58:21,150.1,158.0,invalid,16
23:58:21,140.0,152.2,moving_up,16
23:58:21,56.7,70.1,bottom,16
23:58:23,67.9,89.2,moving_up,17
23:58:24,156.4,163.7,top,17
23:58:25,148.4,156.9,moving_down,17
23:58:25,55.0,67.1,bottom,17
23:58:27,73.7,50.5,invalid,18
23:58:28,59.2,49.8,bottom,18
23:58:30,178.1,15.1,invalid,18
23:58:31,130.4,127.8,moving_up,18
23:58:31,172.8,5.8,invalid,18
23:58:32,128.0,111.9,moving_up,18
23:58:33,159.7,168.8,top,18
23:58:37,147.8,162.3,invalid,18
23:58:37,90.6,155.6,moving_up,18
23:58:37,48.1,152.4,invalid,18
23:58:40,22.8,72.2,bottom,18
23:58:41,121.0,7.5,invalid,18
17:08:02,162.5,21.3,start,1
17:08:03,154.6,33.4,invalid,1
17:08:03,159.0,28.4,moving_up,1
17:08:03,161.0,26.7,bottom,1
17:08:03,155.9,25.5,moving_up,2
17:08:03,179.2,13.6,bottom,2
17:08:04,159.9,15.3,moving_up,3
17:08:05,3.8,9.8,top,3
17:08:05,23.8,13.0,moving_down,3
17:08:06,167.2,14.0,bottom,3
17:08:06,157.0,15.8,moving_up,4
17:08:06,17.0,18.6,top,4
17:08:06,175.8,11.3,invalid,4
17:08:06,176.7,13.7,bottom,4
17:08:16,38.4,8.8,moving_up,4
17:08:16,18.7,9.3,top,4
17:08:18,29.2,9.1,moving_down,4
17:08:18,164.7,9.8,bottom,4
17:08:19,155.3,9.2,moving_up,5
17:08:20,16.4,10.6,top,5
17:08:21,51.0,10.5,moving_down,5
17:08:22,166.9,10.8,bottom,5
17:08:23,146.3,10.3,moving_up,6
17:08:24,18.4,10.6,top,6
17:08:25,22.7,11.5,moving_down,6
17:08:25,169.5,10.8,bottom,6
17:08:26,152.2,9.0,moving_up,7
17:08:27,16.3,10.1,top,7
17:08:28,23.5,10.8,moving_down,7
17:08:28,162.5,10.8,bottom,7
17:08:30,144.9,9.6,moving_up,8
17:08:30,19.7,10.5,top,8
17:08:31,25.1,10.8,moving_down,8
17:08:32,165.1,10.3,bottom,8
17:08:33,143.7,9.6,moving_up,9
17:08:34,19.5,10.2,top,9
17:08:35,28.6,10.2,moving_down,9
17:08:35,165.0,10.5,bottom,9
17:08:38,1.5,13.3,invalid,10
17:08:38,0.4,15.3,top,10
17:08:39,49.3,18.9,moving_down,10
17:08:39,162.0,20.0,bottom,10
17:08:53,176.9,13.9,invalid,1
17:08:57,46.4,39.0,bottom,1
17:09:00,63.3,92.8,moving_up,1
17:09:00,159.0,166.5,top,1
17:09:02,139.3,155.0,moving_down,1
17:09:02,46.1,68.1,bottom,1
17:09:04,69.3,90.6,moving_up,2
17:09:04,159.6,170.1,top,2
17:09:05,144.4,163.4,invalid,2
17:09:06,133.7,155.7,moving_up,2
17:09:06,56.3,78.8,bottom,2
17:09:07,69.7,94.4,moving_up,3
17:09:08,160.2,175.1,top,3
17:09:09,140.2,162.0,invalid,3
17:09:09,90.6,122.8,moving_up,3
17:09:10,49.8,73.9,bottom,3
17:09:11,69.7,97.0,moving_up,4
17:09:12,157.8,172.3,top,4
17:09:13,143.9,160.3,invalid,4
17:09:13,111.8,135.4,moving_up,4
17:09:14,29.5,49.3,bottom,4
17:09:15,76.2,99.7,moving_up,5
17:09:16,156.0,170.4,top,5
17:09:17,143.1,156.4,moving_down,5
17:09:18,29.8,51.1,bottom,5
17:09:19,71.9,95.0,moving_up,6
17:09:20,151.5,163.2,top,6
17:09:21,142.9,157.7,moving_down,6
17:09:22,49.0,67.9,bottom,6
17:09:23,69.6,81.8,moving_up,7
17:09:24,156.9,168.6,top,7
17:09:24,145.8,161.9,invalid,7
17:09:24,127.1,147.9,moving_up,7
17:09:25,42.8,62.4,bottom,7
17:09:27,73.3,93.5,moving_up,8
17:09:27,155.6,166.5,top,8
17:09:28,140.6,160.2,invalid,8
17:09:28,126.1,148.3,moving_up,8
17:09:29,46.1,64.6,bottom,8
17:09:30,67.6,90.0,moving_up,9
17:09:31,157.1,170.3,top,9
17:09:32,145.3,161.8,invalid,9
17:09:32,123.2,143.7,moving_up,9
17:09:33,52.8,73.4,bottom,9
17:09:34,64.4,83.8,moving_up,10
17:09:35,154.6,167.6,top,10
17:09:36,141.0,157.3,moving_down,10
17:09:36,45.7,57.5,bottom,10
17:09:38,77.2,99.3,moving_up,11
17:09:38,154.1,168.2,top,11
17:09:39,134.2,150.5,moving_down,11
17:09:40,50.0,63.6,bottom,11
17:09:41,74.4,89.0,moving_up,12
17:09:42,155.8,167.6,top,12
17:09:43,136.6,150.7,moving_down,12
17:09:44,53.4,64.1,bottom,12
17:09:45,65.3,15.3,invalid,13
17:10:01,173.9,9.4,start,1
17:10:04,151.6,20.3,moving_up,1
17:10:05,167.6,82.4,top,1
17:10:07,142.2,69.4,moving_down,1
17:10:07,173.4,19.9,bottom,1
17:10:08,169.7,27.4,moving_up,2
17:10:09,134.2,83.1,top,2
17:10:10,124.7,79.6,moving_down,2
17:10:11,168.9,17.9,bottom,2
17:10:12,118.4,22.4,invalid,3
17:10:19,169.6,9.2,bottom,3
17:23:39,6.0,72.2,start,1
17:23:41,135.4,35.3,invalid,1
17:23:41,10.8,41.2,bottom,1
17:23:41,133.8,62.5,invalid,1
17:23:42,0.2,48.3,bottom,1
17:23:42,116.0,52.3,invalid,1
17:23:43,149.0,86.9,moving_up,1
17:23:43,155.5,90.2,invalid,1
17:23:45,11.1,16.8,bottom,1
17:23:45,109.7,18.5,invalid,1
17:23:45,39.7,18.6,bottom,1
17:23:45,67.3,17.7,invalid,1
17:23:51,50.8,46.9,bottom,1
17:23:53,85.0,14.9,invalid,1
17:23:56,41.0,27.8,bottom,1
17:23:59,86.1,112.6,moving_up,1
17:24:00,157.2,167.9,top,1
17:24:01,148.9,157.7,moving_down,1
17:24:02,52.8,73.0,bottom,1
17:24:03,66.1,97.3,moving_up,2
17:24:04,150.3,165.8,top,2
17:24:06,148.6,149.3,moving_down,2
17:24:07,54.7,67.3,bottom,2
17:24:08,86.7,114.2,moving_up,3
17:24:09,152.6,168.0,top,3
17:24:10,127.7,151.5,moving_down,3
17:24:10,52.9,74.4,bottom,3
17:24:11,91.3,113.6,moving_up,4
17:24:12,164.2,176.5,top,4
17:24:13,129.5,149.2,moving_down,4
17:24:13,48.7,72.7,bottom,4
17:24:14,70.3,91.2,moving_up,5
17:24:14,158.6,160.5,top,5
17:24:16,109.0,159.9,moving_down,5
17:24:16,56.2,158.9,invalid,5
17:24:19,27.6,18.6,bottom,5
17:24:19,146.1,9.2,invalid,5
17:24:21,53.6,44.7,bottom,5
17:24:23,81.5,59.0,invalid,5
17:24:24,41.0,52.1,bottom,5
17:24:26,98.3,126.3,moving_up,5
17:24:26,163.3,171.2,top,5
17:24:28,120.9,142.8,moving_down,5
17:24:28,38.3,59.2,bottom,5
17:24:29,83.2,106.0,moving_up,6
17:24:30,161.7,171.7,top,6
17:24:32,72.9,170.5,invalid,6
17:24:34,153.3,165.8,top,6
17:24:35,142.0,150.5,moving_down,6
17:24:36,52.2,72.4,bottom,6
17:24:36,135.5,14.0,invalid,7
17:24:39,45.5,33.8,bottom,7
17:24:40,80.1,0.2,invalid,7
17:32:24,0,0,invalid,1
17:32:24,0,0,top,1
17:32:51,0,0,invalid,1
17:32:51,0,0,top,1
17:32:59,0,0,start,1
17:33:11,0,0,start,1
17:36:03,66.7,15.1,moving_up,1
17:36:06,57.4,32.1,invalid,1
17:36:06,68.1,12.8,moving_up,1
17:36:06,48.0,37.5,invalid,1
17:36:06,49.3,26.2,moving_up,1
17:36:07,18.5,53.3,invalid,1
17:36:07,25.6,22.6,moving_up,1
17:36:08,176.1,35.3,invalid,1
17:36:14,55.5,29.6,moving_up,1
17:36:20,61.5,30.5,invalid,1
17:36:28,176.6,27.3,bottom,1
17:36:29,152.4,46.8,invalid,1
17:36:30,37.5,13.5,moving_up,1
17:36:31,167.7,22.7,bottom,1
17:36:31,159.7,34.5,invalid,2
17:36:32,173.0,25.7,bottom,2
17:36:32,136.1,35.8,invalid,2
17:36:38,177.2,12.2,bottom,2
17:36:38,21.4,94.4,invalid,2
17:36:47,102.6,19.5,moving_up,2
17:36:47,54.6,37.4,invalid,2
17:36:48,49.8,22.9,moving_up,2
17:36:48,26.0,59.2,invalid,2
17:36:49,48.5,26.5,moving_up,2
17:36:50,47.6,36.2,invalid,2
17:36:50,42.0,29.6,moving_up,2
17:36:50,31.2,35.9,invalid,2
17:36:51,36.1,30.0,moving_up,2
17:36:52,35.7,31.9,invalid,2
17:36:52,44.0,28.5,moving_up,2
17:37:47,103.8,1.6,invalid,1
17:42:40,92.4,5.3,invalid,1
17:42:42,141.0,106.6,moving_up,1
17:42:42,51.6,40.5,bottom,1
17:42:42,96.6,18.0,invalid,2
17:42:43,9.7,42.3,bottom,2
17:42:43,71.8,19.4,invalid,2
17:42:43,53.4,29.9,bottom,2
17:42:43,116.8,32.9,invalid,2
17:42:44,58.0,32.3,bottom,2
17:42:44,127.4,18.9,invalid,2
17:42:45,94.5,87.2,moving_up,2
17:42:45,150.0,93.9,invalid,2
17:42:45,124.7,118.9,moving_up,2
17:42:47,173.1,167.4,top,2
17:42:47,146.8,111.9,moving_down,2
17:42:48,151.9,101.9,invalid,2
17:42:48,14.4,38.1,bottom,2
17:42:48,109.3,4.8,invalid,2
17:42:49,79.0,84.2,moving_up,2
17:43:13,0,0,invalid,1
17:43:13,0,0,top,1
17:43:31,50.6,10.1,moving_down,1
17:43:31,165.6,44.5,invalid,1
17:43:31,171.3,29.7,bottom,1
17:43:31,175.1,30.6,invalid,1
17:43:32,148.9,24.0,moving_up,1
17:43:38,5.8,21.2,top,1
17:43:39,20.1,23.2,moving_down,1
17:43:39,8.7,13.3,top,1
17:43:42,27.0,16.1,moving_down,2
17:43:42,0.5,15.0,top,2
17:43:43,24.9,23.4,moving_down,3
17:43:43,19.4,22.6,top,3
17:43:44,29.3,25.1,moving_down,4
17:43:44,65.0,32.9,invalid,4
17:43:44,2.9,28.3,top,4
17:43:45,0.5,30.7,invalid,4
17:43:46,2.7,27.9,top,4
17:43:46,149.9,34.9,invalid,4
17:43:48,8.3,28.4,top,4
17:43:48,5.5,30.6,invalid,4
17:43:49,2.2,30.0,top,4
17:43:49,9.1,32.4,invalid,4
17:43:50,28.4,29.3,moving_up,4
17:43:50,22.1,33.5,invalid,4
17:43:55,13.8,28.6,top,4
17:43:56,15.0,31.9,invalid,4
17:43:58,84.4,6.5,moving_up,4
17:44:05,33.2,34.1,invalid,4
17:44:06,41.0,24.1,moving_up,4
17:44:09,64.5,31.2,invalid,4
17:44:09,51.0,29.9,moving_up,4
17:44:10,62.9,30.4,invalid,4
17:44:11,110.4,29.8,moving_up,4
17:44:12,110.1,30.2,invalid,4
17:44:12,122.3,29.9,moving_up,4
17:44:12,113.4,30.9,invalid,4
17:44:13,126.4,12.8,moving_up,4
17:44:19,0.1,32.9,invalid,4
17:44:20,33.9,25.9,moving_up,4
17:44:20,64.3,39.8,invalid,4
17:44:20,112.2,13.8,moving_up,4
17:45:14,127.2,103.5,invalid,4
17:45:14,69.7,26.8,moving_up,4
17:45:15,9.5,29.4,top,4
17:45:16,92.5,108.0,invalid,4
17:45:25,100.8,10.1,moving_up,4
17:45:26,143.2,57.0,invalid,4
17:45:27,106.9,28.7,moving_up,4
17:45:28,112.8,38.9,invalid,4
17:45:28,80.8,20.4,moving_up,4
17:45:28,7.5,41.1,invalid,4
17:45:29,51.4,9.3,moving_up,4
17:45:29,14.9,35.8,invalid,4
17:45:30,40.1,6.7,moving_up,4
17:45:30,9.6,32.1,invalid,4
17:45:31,31.1,19.7,moving_up,4
17:45:31,27.1,30.8,invalid,4
17:45:31,58.5,10.4,moving_up,4
17:45:32,32.9,32.7,invalid,4
17:45:32,35.5,29.3,moving_up,4
17:45:32,18.9,47.0,invalid,4
17:45:35,33.2,25.4,moving_up,4
17:45:36,9.7,40.8,invalid,4
17:45:36,20.9,24.6,moving_up,4
17:45:37,17.1,55.0,invalid,4
17:46:18,54.3,20.4,moving_up,4
17:46:18,178.9,1.5,bottom,4
17:46:18,153.3,9.1,moving_up,5
17:46:18,176.2,15.0,bottom,5
17:46:19,166.2,34.5,invalid,6
17:46:20,119.6,29.4,moving_up,6
17:46:20,148.1,30.2,invalid,6
17:47:00,9.7,20.7,top,6
17:47:00,8.6,30.6,invalid,6
17:47:01,26.1,29.7,moving_up,6
17:47:02,14.8,23.1,top,6
17:47:02,7.5,39.5,invalid,6
17:47:03,0.5,29.5,top,6
17:47:06,4.7,30.9,invalid,6
17:47:06,1.8,29.7,top,6
17:47:06,4.1,30.1,invalid,6
17:47:07,2.7,29.8,top,6
17:47:07,3.8,30.8,invalid,6
17:47:09,1.8,24.2,top,6
17:47:10,0.3,30.6,invalid,6
17:47:10,1.4,29.6,top,6
17:47:10,2.8,32.4,invalid,6
17:47:31,179.4,13.8,bottom,6
17:47:32,171.5,44.3,invalid,6
17:47:36,137.4,8.9,moving_up,6
17:47:37,30.4,44.8,invalid,6
17:47:39,33.5,19.0,moving_up,6
17:47:41,128.9,33.0,invalid,6
17:47:41,133.5,28.5,moving_up,6
17:47:41,123.2,31.2,invalid,6
17:47:43,12.3,15.7,top,6
17:47:43,106.9,13.3,moving_down,6
17:47:43,5.3,11.8,top,6
17:47:44,155.5,14.6,moving_down,7
17:47:45,150.4,61.4,invalid,7
17:47:46,130.9,18.4,moving_up,7
17:47:47,3.5,16.9,top,7
17:47:48,82.5,15.1,moving_down,7
17:47:51,4.2,17.6,top,7
17:47:51,149.3,17.9,moving_down,8
17:47:51,3.4,17.7,top,8
17:47:52,168.8,15.6,invalid,9
17:47:52,6.5,17.1,top,9
17:47:52,60.5,16.7,moving_down,9
17:47:52,5.5,23.6,top,9
17:47:54,158.7,21.0,moving_down,10
17:47:54,9.7,20.1,top,10
17:47:55,162.4,17.7,invalid,11
17:47:55,174.8,18.8,bottom,11
17:47:55,17.5,18.3,invalid,11
17:47:55,41.6,18.4,moving_up,11
17:47:55,14.9,18.7,top,11
17:47:56,35.9,24.8,moving_down,11
17:47:56,5.7,21.1,top,11
17:47:56,124.7,23.7,moving_down,12
17:47:57,15.5,25.7,top,12
17:47:57,22.3,24.0,moving_down,13
17:47:57,16.3,22.7,top,13
17:47:58,147.2,25.1,moving_down,14
17:47:59,6.3,22.8,top,14
17:48:00,71.1,21.2,moving_down,15
17:48:01,5.2,20.7,top,15
17:48:01,29.2,14.9,moving_down,16
17:48:02,175.6,16.9,bottom,16
17:48:06,39.0,16.3,moving_up,17
17:48:07,9.6,17.3,top,17
17:48:12,24.3,20.3,moving_down,17
17:48:13,19.8,23.0,top,17
17:48:13,20.2,22.5,moving_down,18
17:48:13,19.4,22.7,top,18
17:48:13,20.3,23.0,moving_down,19
17:48:14,19.6,21.5,top,19
17:48:14,35.0,21.4,moving_down,20
17:48:15,18.9,21.8,top,20
17:48:16,22.4,22.4,moving_down,21
17:48:16,8.8,21.3,top,21
17:48:18,51.5,29.3,moving_down,22
17:48:18,10.6,16.7,top,22
17:48:19,23.8,13.5,moving_down,23
17:48:19,14.4,9.7,top,23
17:48:20,22.3,22.0,moving_down,24
17:48:20,11.6,13.7,top,24
17:48:22,25.7,6.8,moving_down,25
17:48:22,19.0,16.9,top,25
17:48:22,29.9,8.8,moving_down,26
17:48:25,145.3,89.3,invalid,26
17:48:33,101.6,22.2,moving_up,26
17:48:34,160.8,3.8,bottom,26
17:48:35,158.0,132.5,invalid,27
17:48:37,160.5,29.9,bottom,27
17:48:37,16.6,81.3,invalid,27
17:48:38,158.6,23.0,moving_up,27
17:48:38,175.5,25.2,bottom,27
17:48:39,164.8,35.4,invalid,28
17:48:40,155.0,23.4,moving_up,28
17:48:41,171.6,27.3,bottom,28
17:48:41,42.3,35.2,invalid,29
17:48:41,110.3,29.7,moving_up,29
17:48:41,94.3,38.8,invalid,29
17:48:42,67.5,14.1,moving_up,29
17:48:49,19.1,29.9,top,29
17:48:49,171.9,16.7,invalid,29
17:48:50,165.5,17.9,bottom,29
17:48:50,151.6,19.2,moving_up,29
17:48:50,20.0,18.8,top,29
17:48:51,77.5,38.3,invalid,29
17:48:53,24.3,29.1,moving_up,29
17:48:53,14.8,23.2,top,29
17:48:53,24.3,24.8,moving_down,29
17:48:53,2.9,20.5,top,29
17:48:54,33.5,15.6,moving_down,30
17:48:55,8.6,19.1,top,30
17:48:55,40.5,13.7,moving_down,31
17:48:56,14.7,18.6,top,31
17:48:56,21.9,18.3,moving_down,32
17:48:57,2.4,19.3,top,32
17:48:57,22.2,21.0,moving_down,33
17:48:57,18.1,22.5,top,33
17:49:00,156.3,25.3,moving_down,34
17:49:01,160.0,10.7,bottom,34
17:49:01,160.0,10.7,moving_up,35
17:49:07,177.0,6.5,bottom,35
17:49:07,38.1,31.3,invalid,36
17:49:07,13.6,25.9,top,36
17:49:07,26.5,26.3,moving_down,36
17:49:08,13.8,27.2,top,36
17:49:09,23.8,26.3,moving_down,37
17:49:26,40.2,32.9,invalid,37
17:49:28,148.9,25.0,moving_up,37
17:49:28,65.6,30.4,invalid,37
17:49:29,108.6,10.1,moving_up,37
17:49:35,46.5,65.6,invalid,37
17:49:40,15.8,29.7,top,37
17:49:42,20.3,30.0,moving_down,37
17:49:42,28.9,30.9,invalid,37
17:49:44,14.8,29.2,top,37
17:49:49,179.3,42.8,invalid,37
17:49:53,33.6,5.3,moving_up,37
17:49:53,165.6,16.7,bottom,37
17:49:54,81.3,19.0,moving_up,38
17:49:55,162.3,26.0,bottom,38
17:49:55,143.0,26.3,moving_up,39
17:49:55,9.9,18.6,top,39
17:49:55,30.6,16.4,moving_down,39
17:49:57,128.5,34.1,invalid,39
17:49:59,60.2,29.0,moving_up,39
17:50:02,19.6,25.7,top,39
17:50:03,20.4,25.9,moving_down,39
17:50:03,18.6,25.4,top,39
17:50:03,23.6,24.9,moving_down,40
17:50:04,16.4,23.9,top,40
17:50:04,21.3,25.2,moving_down,41
17:50:05,15.1,25.3,top,41
17:50:05,20.6,25.6,moving_down,42
17:50:20,17.8,17.7,top,42
17:50:25,137.8,25.5,moving_down,43
17:50:25,143.8,48.9,invalid,43
17:50:53,150.2,29.8,moving_up,43
17:50:53,168.9,29.7,bottom,43
17:50:54,159.3,29.9,moving_up,44
17:50:55,158.8,30.1,invalid,44
17:50:56,160.7,30.0,bottom,44
17:50:56,164.2,30.1,invalid,44
17:51:00,1.3,29.4,top,44
17:51:00,144.6,30.6,invalid,44
17:51:00,3.0,27.3,top,44
17:51:01,10.4,30.4,invalid,44
17:51:24,143.2,26.8,moving_up,1
17:51:24,153.6,32.5,invalid,1
17:51:27,28.8,14.5,moving_up,1
17:51:28,79.4,77.2,invalid,1
17:51:30,155.1,21.4,moving_up,1
17:51:30,147.8,84.6,invalid,1
18:03:05,54.5,34.4,start,1
18:03:28,142.4,60.4,invalid,1
18:03:36,119.4,101.7,moving_up,1
18:03:38,150.4,31.8,invalid,1
18:03:44,51.0,66.8,bottom,1
18:03:44,83.1,69.1,invalid,1
18:03:44,52.1,63.1,bottom,1
18:03:45,122.9,65.6,invalid,1
18:03:46,125.1,80.7,moving_up,1
18:03:46,143.4,77.2,invalid,1
18:04:02,159.3,17.5,moving_up,1
18:04:08,162.2,24.9,bottom,1
18:04:13,169.8,62.0,invalid,2
18:04:17,77.3,24.8,moving_up,2
18:04:18,121.7,68.2,invalid,2
18:04:25,86.0,28.5,moving_up,2
18:04:25,138.7,32.2,invalid,2
18:04:27,105.2,28.8,moving_up,2
18:04:28,127.6,30.8,invalid,2
18:04:33,167.1,26.6,bottom,2
18:04:34,176.0,32.5,invalid,2
18:04:34,151.9,27.2,moving_up,2
18:04:34,161.2,28.1,bottom,2
18:04:36,44.3,27.6,moving_up,3
18:04:36,46.8,30.2,invalid,3
18:04:37,48.5,29.7,moving_up,3
18:04:37,48.7,30.4,invalid,3
18:04:38,48.3,29.5,moving_up,3
18:04:40,162.9,22.1,bottom,3
18:04:41,87.8,25.2,moving_up,4
18:04:41,86.9,49.2,invalid,4
18:04:41,22.7,13.9,moving_up,4
18:04:42,23.0,33.0,invalid,4
18:04:46,8.0,27.6,top,4
18:04:46,35.7,19.5,moving_down,4
18:04:47,2.2,21.6,top,4
18:04:53,33.0,18.6,moving_down,5
18:04:53,3.1,18.2,top,5
18:04:54,25.9,19.2,moving_down,6
18:04:55,14.5,17.3,top,6
18:04:55,27.7,17.0,moving_down,7
18:04:57,19.4,18.8,top,7
18:04:57,88.8,16.7,moving_down,8
18:04:57,2.3,16.8,top,8
18:04:58,32.8,18.3,moving_down,9
18:04:58,17.8,17.8,top,9
18:04:59,54.8,18.3,moving_down,10
18:05:01,17.9,17.8,top,10
18:05:01,62.9,17.7,moving_down,11
18:05:01,2.0,18.5,top,11
18:05:20,21.9,28.1,moving_down,12
18:05:20,45.7,30.2,invalid,12
18:05:20,7.8,30.0,top,12
18:05:20,4.0,30.1,invalid,12
18:05:20,2.7,29.2,top,12
18:05:21,0.2,30.1,invalid,12
18:05:21,1.2,29.5,top,12
18:05:22,4.9,32.2,invalid,12
18:05:22,20.2,28.2,moving_up,12
18:05:33,31.3,48.9,invalid,12
18:05:33,16.3,23.3,top,12
18:09:57,35.3,18.0,moving_down,12
18:09:57,17.5,19.3,top,12
18:09:57,24.3,16.4,moving_down,13
18:09:58,19.7,10.6,top,13
18:09:58,29.7,13.0,moving_down,14
18:09:58,9.4,13.1,top,14
18:09:59,60.9,11.8,moving_down,15
18:09:59,14.8,15.9,top,15
18:10:00,25.7,15.3,moving_down,16
18:10:00,161.6,16.7,bottom,16
18:10:00,125.4,17.1,moving_up,17
18:10:01,176.5,17.0,bottom,17
18:10:02,106.3,16.0,moving_up,18
18:10:03,17.7,14.8,top,18
18:10:04,21.8,15.1,moving_down,18
18:10:04,178.1,15.9,bottom,18
18:10:12,150.1,22.9,moving_up,19
18:10:14,160.6,24.1,bottom,19
18:10:14,157.8,23.5,moving_up,20
18:10:14,162.6,26.2,bottom,20
18:10:15,140.3,11.0,moving_up,21
18:10:25,10.5,20.5,top,21
18:10:25,107.6,19.3,moving_down,21
18:10:27,15.4,17.4,top,21
18:10:27,47.5,19.2,moving_down,22
18:10:30,172.9,30.1,invalid,22
18:10:30,168.4,2.2,bottom,22
18:10:30,159.1,21.1,moving_up,22
18:10:31,174.1,4.1,bottom,22
18:10:32,158.4,17.9,moving_up,23
18:10:35,71.5,50.3,invalid,23
18:10:36,28.7,27.3,moving_up,23
18:10:38,18.9,18.2,top,23
18:10:40,16.9,30.3,invalid,23
18:10:40,4.9,21.8,top,23
18:10:40,174.6,26.0,invalid,23
18:10:41,171.2,28.7,bottom,23
18:10:41,174.0,30.2,invalid,23
18:10:41,179.9,29.6,bottom,23
18:10:43,23.9,24.2,moving_up,23
18:10:43,3.8,24.7,top,23
18:10:43,109.0,24.3,moving_down,23
18:10:44,5.9,23.5,top,23
18:10:45,23.2,24.2,moving_down,24
18:10:45,16.7,20.2,top,24
18:10:45,161.3,19.7,invalid,25
18:10:46,168.9,21.2,bottom,25
18:10:47,22.5,24.0,moving_up,25
18:10:47,8.1,23.0,top,25
18:10:49,22.5,20.9,moving_down,25
18:10:49,176.3,18.8,bottom,25
18:10:52,3.0,16.4,invalid,26
18:10:52,0.9,16.4,top,26
18:10:54,42.7,18.2,moving_down,26
18:10:54,175.6,21.2,bottom,26
18:10:54,151.1,35.4,invalid,27
18:10:55,46.4,29.8,moving_up,27
18:10:56,9.6,19.7,top,27
18:10:57,162.6,21.1,invalid,27
18:10:57,159.7,22.0,moving_up,27
18:10:57,178.7,17.9,bottom,27
18:11:12,8.4,62.8,invalid,28
18:11:14,146.6,28.2,moving_up,28
18:11:15,163.0,22.1,bottom,28
18:11:15,158.8,27.7,moving_up,29
18:11:15,167.5,29.6,bottom,29
18:11:15,150.1,29.2,moving_up,30
18:11:15,174.7,27.9,bottom,30
18:11:16,37.2,26.5,moving_up,31
18:11:16,173.0,26.9,bottom,31
18:11:16,157.4,26.6,moving_up,32
18:11:16,168.2,15.8,bottom,32
18:11:16,27.2,23.3,moving_up,33
18:11:17,16.4,22.7,top,33
18:11:17,20.3,24.2,moving_down,33
18:11:17,19.4,24.7,top,33
18:11:18,127.6,26.1,moving_down,34
18:11:19,160.7,20.5,bottom,34
18:11:22,14.2,24.7,invalid,35
18:11:22,14.1,24.8,top,35
18:11:24,0.9,32.2,invalid,35
18:11:32,34.1,12.0,moving_up,35
18:11:33,12.8,13.3,top,35
18:11:33,25.6,4.9,moving_down,35
18:11:33,19.8,0.7,top,35
18:11:33,21.7,0.9,moving_down,36
18:11:34,3.8,24.3,top,36
18:11:34,154.4,22.9,moving_down,37
18:11:35,117.0,37.8,invalid,37
18:11:35,129.7,23.4,moving_up,37
18:11:36,77.0,33.7,invalid,37
18:11:37,150.6,22.8,moving_up,37
18:11:37,10.0,58.7,invalid,37
18:11:37,177.0,18.1,bottom,37
18:11:38,119.4,23.6,moving_up,37
18:11:39,95.7,32.0,invalid,37
18:11:49,136.0,3.0,moving_up,37
18:11:49,37.3,58.2,invalid,37
18:11:54,135.4,29.7,moving_up,37
18:11:56,16.3,15.6,top,37
18:11:56,20.4,19.3,moving_down,37
18:11:56,16.3,20.4,top,37
18:11:58,58.7,63.5,invalid,38
18:11:59,23.3,20.2,moving_up,38
18:11:59,17.6,16.2,top,38
18:11:59,29.6,35.8,invalid,38
18:11:59,64.4,13.5,moving_up,38
18:12:00,14.3,11.5,top,38
18:12:00,53.0,37.7,invalid,38
18:12:00,46.3,26.8,moving_up,38
18:12:01,19.9,17.6,top,38
18:12:02,154.8,9.5,moving_down,38
18:12:02,167.2,13.2,bottom,38
18:12:05,105.6,18.5,moving_up,39
18:12:10,63.5,56.4,invalid,39
18:12:16,133.1,6.5,moving_up,39
18:12:19,23.7,39.1,invalid,39
18:12:24,114.6,27.8,moving_up,39
18:12:27,2.7,21.8,top,39
18:12:27,57.1,19.4,moving_down,39
18:12:28,50.5,33.8,invalid,39
18:12:29,115.6,29.4,moving_up,39
18:12:31,19.9,27.9,top,39
18:12:32,21.2,25.9,moving_down,39
18:12:52,151.1,30.5,invalid,39
18:12:53,134.3,29.7,moving_up,39
18:12:55,138.0,31.2,invalid,39
18:12:57,11.2,27.3,top,39
18:12:58,86.9,26.4,moving_down,39
18:12:58,101.6,32.0,invalid,39
18:12:58,54.4,25.4,moving_up,39
18:12:59,3.1,48.2,invalid,39
18:13:00,11.6,23.8,top,39
18:13:00,32.8,48.6,invalid,39
18:13:01,13.5,28.9,top,39
18:13:02,18.6,39.3,invalid,39
18:13:06,120.2,28.9,moving_up,39
18:13:07,17.2,24.8,top,39
18:13:09,75.2,28.7,moving_down,39
18:13:09,124.2,39.4,invalid,39
18:13:10,24.9,25.0,moving_up,39
18:13:11,1.0,18.0,top,39
18:13:11,15.6,58.3,invalid,39
18:13:11,7.2,25.9,top,39
18:13:11,21.6,18.2,moving_down,39
18:13:12,2.9,16.5,top,39
18:13:12,24.6,18.1,moving_down,40
18:13:13,18.7,20.6,top,40
18:13:13,36.7,14.9,moving_down,41
18:13:15,56.8,37.6,invalid,41
18:13:20,173.6,29.0,bottom,41
18:13:21,168.6,44.0,invalid,41
18:13:22,143.3,7.6,moving_up,41
18:13:23,59.8,31.0,invalid,41
18:13:24,27.8,18.1,moving_up,41
18:13:24,152.8,111.7,invalid,41
12:48:09,0,0,invalid,1
12:48:09,0,0,top,1
13:11:59,0,0,invalid,1
13:11:59,0,0,top,1
13:17:14,0,0,start,1
13:18:51,0,0,invalid,1
13:18:51,0,0,top,1
13:29:33,0,0,invalid,1
13:29:33,0,0,top,1
13:30:21,0,0,invalid,1
13:30:21,0,0,top,1
13:30:55,0,0,invalid,1
13:30:55,0,0,top,1
13:31:28,0,0,invalid,1
13:31:28,0,0,top,1
13:32:43,0,0,invalid,1
13:32:43,0,0,top,1
13:35:14,0,0,invalid,1
13:35:14,0,0,top,1
13:36:35,0,0,invalid,1
13:36:35,0,0,top,1
13:40:21,0,0,invalid,1
13:40:22,0,0,top,1
13:56:41,0,0,invalid,1
13:56:42,0,0,top,1
13:56:46,175.2,59.3,invalid,1
13:56:47,10.2,29.7,top,1
13:57:20,0,0,invalid,1
13:57:20,0,0,top,1
13:58:19,0,0,invalid,1
13:58:19,0,0,top,1
13:58:23,119.2,58.5,invalid,1
13:58:45,171.7,70.1,invalid,1
13:58:48,22.5,2.5,moving_up,1
13:58:48,17.8,1.6,top,1
13:58:49,20.8,0.5,moving_down,1
13:58:49,19.6,15.4,top,1
13:58:49,20.8,7.9,moving_down,2
13:58:50,30.9,33.5,invalid,2
13:58:51,39.7,20.3,moving_up,2
13:58:51,9.6,12.3,top,2
13:58:51,75.8,8.5,moving_down,2
13:59:10,0,0,invalid,1
13:59:11,0,0,top,1
14:00:05,0,0,invalid,1
14:00:05,0,0,top,1
14:00:13,21.8,7.1,moving_down,1
14:00:13,11.7,15.3,top,1
14:00:28,0,0,invalid,1
14:00:29,0,0,top,1
14:00:34,174.1,14.3,invalid,1
14:00:34,107.5,2.3,moving_up,1
14:00:40,146.3,37.9,invalid,1
14:01:52,0,0,invalid,1
14:01:52,0,0,top,1
14:01:54,94.4,125.7,invalid,1
14:01:55,18.9,24.2,top,1
14:01:55,76.1,18.1,moving_down,1
14:01:55,169.5,15.2,bottom,1
14:01:57,5.2,15.7,invalid,2
14:01:57,179.1,13.1,bottom,2
14:02:07,159.8,25.0,moving_up,2
14:02:07,4.5,18.4,top,2
14:02:08,0.7,34.2,invalid,2
14:02:08,21.0,14.2,moving_up,2
14:02:10,140.2,59.6,invalid,2
14:02:10,25.4,26.0,moving_up,2
14:02:15,149.4,44.0,invalid,2
14:02:15,125.8,16.7,moving_up,2
14:02:17,119.3,38.9,invalid,2
14:02:23,80.5,19.7,moving_up,2
14:02:41,162.9,16.5,bottom,2
14:02:41,153.0,24.0,moving_up,3
14:02:41,145.1,30.7,invalid,3
14:02:43,146.9,29.3,moving_up,3
14:02:43,170.4,19.5,bottom,3
14:02:43,7.6,14.9,invalid,4
14:02:43,5.8,15.9,top,4
14:02:44,66.1,79.1,invalid,4
14:02:46,23.0,29.3,moving_up,4
14:02:46,13.5,16.9,top,4
14:02:46,163.4,11.9,invalid,4
14:02:46,169.7,10.9,bottom,4
14:02:58,53.0,9.2,moving_up,4
14:03:10,177.5,11.2,bottom,4
14:03:11,159.5,12.1,moving_up,5
14:03:11,11.8,12.5,top,5
14:03:13,21.2,0.5,moving_down,5
14:03:18,17.9,7.0,top,5
14:03:18,171.6,14.2,invalid,6
14:03:18,172.1,13.8,bottom,6
14:03:19,158.9,15.5,moving_up,6
14:03:19,169.4,13.1,bottom,6
14:03:20,149.7,11.0,moving_up,7
14:03:22,15.2,11.6,top,7
14:03:28,171.6,16.3,invalid,7
14:03:28,176.4,14.4,bottom,7
14:03:28,131.5,20.5,moving_up,7
14:03:30,18.9,101.0,invalid,7
14:03:34,49.2,14.4,moving_up,7
14:03:39,160.5,23.6,bottom,7
14:03:39,147.4,9.4,moving_up,8
14:03:40,16.8,10.7,top,8
14:03:47,162.0,17.3,invalid,8
14:03:47,164.4,22.0,bottom,8
14:03:47,153.5,26.6,moving_up,8
14:03:57,163.1,20.5,bottom,8
14:03:57,11.8,13.4,invalid,9
14:03:57,9.4,13.5,top,9
14:03:58,25.4,8.1,moving_down,9
14:04:03,162.2,9.5,bottom,9
14:04:03,20.6,13.4,moving_up,10
14:04:03,12.1,12.7,top,10
14:04:04,23.5,2.1,moving_down,10
14:04:09,164.4,13.5,bottom,10
14:04:11,159.4,17.1,moving_up,11
14:04:11,112.7,39.9,invalid,11
14:04:30,5.5,15.9,top,11
14:04:30,23.0,5.7,moving_down,11
14:04:31,5.5,56.8,invalid,11
14:04:33,3.9,17.8,top,11
14:04:33,42.2,19.3,moving_down,11
14:04:33,177.2,16.9,bottom,11
14:04:34,119.3,153.4,invalid,12
14:04:38,149.1,17.9,moving_up,12
14:04:39,1.0,18.8,top,12
14:04:39,169.2,169.3,invalid,12
14:04:47,175.0,13.8,bottom,12
14:04:52,9.5,11.0,invalid,12
14:04:53,5.5,11.0,top,12
14:04:54,125.3,12.5,moving_down,12
14:04:54,176.9,11.7,bottom,12
14:04:56,159.1,9.7,moving_up,13
14:04:58,169.3,10.9,bottom,13
14:04:59,153.3,22.0,moving_up,14
14:04:59,176.8,14.1,bottom,14
14:05:04,153.9,9.4,moving_up,15
14:05:12,178.8,12.2,bottom,15
14:05:12,156.7,17.1,moving_up,16
14:05:15,127.5,46.7,invalid,16
14:05:19,160.8,23.6,bottom,16
14:05:19,150.0,19.3,moving_up,16
14:05:19,165.4,15.2,bottom,16
14:05:27,146.3,172.0,invalid,17
14:05:34,165.4,23.8,bottom,17
14:05:39,160.0,9.3,moving_up,17
14:05:48,176.8,12.7,bottom,17
14:05:59,134.0,139.6,invalid,18
14:06:00,175.1,18.1,bottom,18
14:06:02,140.6,9.9,moving_up,18
14:06:10,166.1,10.0,bottom,18
14:06:13,155.0,22.8,moving_up,19
14:06:14,162.3,11.1,bottom,19
14:06:14,159.7,11.2,moving_up,20
14:06:14,174.0,13.3,bottom,20
14:06:18,70.2,9.8,moving_up,21
14:06:18,11.8,10.8,top,21
14:06:32,20.2,1.5,moving_down,21
14:06:35,8.1,5.3,top,21
14:06:38,20.3,10.8,moving_down,22
14:06:49,169.7,10.6,bottom,22
14:07:01,158.8,16.3,moving_up,23
14:07:02,103.6,31.9,invalid,23
14:07:02,164.8,6.9,bottom,23
14:07:02,14.5,11.9,invalid,23
14:07:02,14.5,11.9,top,23
14:07:03,160.6,4.1,invalid,23
14:07:03,147.6,2.3,moving_up,23
14:07:04,170.6,6.1,bottom,23
14:07:04,40.0,4.0,moving_up,24
14:07:04,1.2,24.4,top,24
14:07:06,13.8,37.4,invalid,24
14:07:06,5.5,28.7,top,24
14:07:07,140.3,123.7,invalid,24
14:07:07,158.8,13.4,moving_up,24
14:07:08,171.3,11.5,bottom,24
14:07:09,31.7,11.6,moving_up,25
14:07:09,14.3,10.8,top,25
14:07:10,165.5,11.8,invalid,25
14:07:10,174.1,11.6,bottom,25
14:07:11,22.9,10.1,moving_up,25
14:07:11,15.5,11.0,top,25
14:07:12,41.4,11.2,moving_down,25
14:07:13,167.8,11.0,bottom,25
14:07:19,154.3,27.2,moving_up,26
14:07:19,128.7,39.5,invalid,26
14:07:23,160.9,20.6,bottom,26
14:08:08,0,0,start,1
14:08:12,174.3,11.1,invalid,1
14:08:32,49.0,35.3,bottom,1
14:08:45,66.6,20.3,invalid,1
14:08:47,81.5,105.1,moving_up,1
14:08:49,12.4,48.0,bottom,1
14:08:51,176.3,10.1,invalid,2
14:08:52,57.4,78.1,bottom,2
14:08:52,74.9,68.3,invalid,2
14:08:53,49.9,50.0,bottom,2
14:09:04,64.6,37.0,invalid,2
14:09:06,6.2,40.3,bottom,2
14:09:10,67.7,100.2,moving_up,2
14:09:24,160.2,173.4,top,2
14:09:39,99.0,163.9,invalid,2
14:09:41,150.2,165.5,top,2
14:09:45,138.5,153.2,moving_down,2
14:09:59,46.3,62.7,bottom,2
14:10:13,76.9,51.9,invalid,3
14:10:20,49.8,73.1,bottom,3
14:10:20,44.2,80.7,invalid,3
14:10:21,63.1,114.2,moving_up,3
14:10:21,153.8,172.6,top,3
14:10:22,89.0,156.7,moving_down,3
14:10:22,53.9,152.3,invalid,3
14:10:23,65.6,152.7,moving_up,3
14:10:23,158.4,170.7,top,3
14:10:27,92.9,165.8,invalid,3
14:10:32,91.1,141.1,moving_up,3
14:10:32,33.2,52.2,bottom,3
14:10:32,123.4,43.6,invalid,4
14:10:45,51.3,52.2,bottom,4
14:10:45,77.5,89.9,moving_up,4
14:10:47,55.2,37.5,bottom,4
14:10:49,62.9,81.2,moving_up,5
14:10:50,153.8,173.5,top,5
14:10:57,134.5,157.0,moving_down,5
14:10:57,34.3,46.4,bottom,5
14:10:58,103.8,20.1,invalid,6
14:11:05,41.9,18.9,bottom,6
14:11:07,56.1,80.0,invalid,6
14:11:07,111.3,137.2,moving_up,6
14:11:07,161.3,175.0,top,6
14:11:08,136.9,151.8,moving_down,6
14:11:09,41.2,62.4,bottom,6
14:11:11,80.2,108.7,moving_up,7
14:11:11,156.9,170.3,top,7
14:11:17,118.3,137.1,moving_down,7
14:11:17,0.2,38.6,bottom,7
14:11:17,142.9,38.3,invalid,8
14:11:25,51.1,44.8,bottom,8
14:11:26,176.4,1.1,invalid,8
14:11:31,176.4,178.8,top,8
14:11:52,0,0,invalid,1
14:11:55,153.5,14.6,bottom,1
14:11:56,162.3,22.9,moving_up,1
14:11:56,161.3,17.2,bottom,1
14:12:13,151.4,20.9,moving_up,2
14:12:21,74.0,26.6,invalid,2
14:12:26,159.0,17.9,bottom,2
14:12:28,169.4,33.6,moving_up,2
14:12:28,149.7,91.0,top,2
14:12:36,167.8,69.2,moving_down,2
14:12:36,116.7,60.9,invalid,2
14:12:37,147.1,52.9,moving_up,2
14:12:37,145.2,88.4,top,2
14:12:41,144.2,73.7,moving_down,2
14:12:52,175.3,17.7,bottom,2
14:12:52,109.5,14.3,invalid,3
14:12:53,156.9,173.9,top,3
14:12:53,114.7,133.2,invalid,3
14:12:54,175.6,26.8,moving_up,3
14:12:54,176.9,16.4,bottom,3
14:12:56,174.7,21.0,moving_up,4
14:12:57,146.9,84.0,top,4
14:13:07,141.1,75.8,moving_down,4
14:13:08,117.0,45.8,invalid,4
14:13:13,120.8,29.5,moving_up,4
14:13:13,119.5,31.1,invalid,4
14:13:19,141.3,22.6,moving_up,4
14:13:21,98.7,82.4,invalid,4
14:13:24,139.5,134.7,top,4
14:13:29,106.0,12.9,invalid,4
14:13:29,179.6,159.7,top,4
14:13:32,113.1,17.9,invalid,4
14:13:32,176.6,31.8,moving_up,4
14:13:32,159.8,16.4,bottom,4
14:13:33,166.4,25.1,moving_up,5
14:13:34,140.1,12.3,bottom,5
14:13:34,68.2,22.5,invalid,6
14:13:34,122.8,22.7,moving_up,6
14:13:35,131.2,15.5,bottom,6
14:13:35,108.7,15.6,invalid,7
14:14:11,0,0,invalid,1
14:14:11,0,0,top,1
22:43:48,0,0,invalid,1
22:43:48,0,0,top,1
